,Country,Date,Confirmed,Active,Deaths,Recovered
0,Afghanistan,2/24/20,1,1,0,0
1,Afghanistan,2/25/20,1,1,0,0
2,Afghanistan,2/26/20,1,1,0,0
3,Afghanistan,2/27/20,1,1,0,0
4,Afghanistan,2/28/20,1,1,0,0
5,Afghanistan,2/29/20,1,1,0,0
6,Afghanistan,3/1/20,1,1,0,0
7,Afghanistan,3/10/20,5,5,0,0
8,Afghanistan,3/11/20,7,7,0,0
9,Afghanistan,3/12/20,7,7,0,0
10,Afghanistan,3/13/20,7,7,0,0
11,Afghanistan,3/14/20,11,11,0,0
12,Afghanistan,3/15/20,16,16,0,0
13,Afghanistan,3/16/20,21,20,0,1
14,Afghanistan,3/17/20,22,21,0,1
15,Afghanistan,3/18/20,22,21,0,1
16,Afghanistan,3/19/20,22,21,0,1
17,Afghanistan,3/2/20,1,1,0,0
18,Afghanistan,3/3/20,1,1,0,0
19,Afghanistan,3/4/20,1,1,0,0
20,Afghanistan,3/5/20,1,1,0,0
21,Afghanistan,3/6/20,1,1,0,0
22,Afghanistan,3/7/20,1,1,0,0
23,Afghanistan,3/8/20,4,4,0,0
24,Afghanistan,3/9/20,4,4,0,0
25,Albania,3/10/20,10,10,0,0
26,Albania,3/11/20,12,11,1,0
27,Albania,3/12/20,23,22,1,0
28,Albania,3/13/20,33,32,1,0
29,Albania,3/14/20,38,37,1,0
30,Albania,3/15/20,42,41,1,0
31,Albania,3/16/20,51,50,1,0
32,Albania,3/17/20,55,54,1,0
33,Albania,3/18/20,59,57,2,0
34,Albania,3/19/20,64,62,2,0
35,Albania,3/9/20,2,2,0,0
36,Algeria,2/25/20,1,1,0,0
37,Algeria,2/26/20,1,1,0,0
38,Algeria,2/27/20,1,1,0,0
39,Algeria,2/28/20,1,1,0,0
40,Algeria,2/29/20,1,1,0,0
41,Algeria,3/1/20,1,1,0,0
42,Algeria,3/10/20,20,20,0,0
43,Algeria,3/11/20,20,20,0,0
44,Algeria,3/12/20,24,15,1,8
45,Algeria,3/13/20,26,16,2,8
46,Algeria,3/14/20,37,22,3,12
47,Algeria,3/15/20,48,32,4,12
48,Algeria,3/16/20,54,38,4,12
49,Algeria,3/17/20,60,44,4,12
50,Algeria,3/18/20,74,55,7,12
51,Algeria,3/19/20,87,46,9,32
52,Algeria,3/2/20,3,3,0,0
53,Algeria,3/3/20,5,5,0,0
54,Algeria,3/4/20,12,12,0,0
55,Algeria,3/5/20,12,12,0,0
56,Algeria,3/6/20,17,17,0,0
57,Algeria,3/7/20,17,17,0,0
58,Algeria,3/8/20,19,19,0,0
59,Algeria,3/9/20,20,20,0,0
60,Argentina,3/10/20,17,16,1,0
61,Argentina,3/11/20,19,18,1,0
62,Argentina,3/12/20,19,18,1,0
63,Argentina,3/13/20,31,29,2,0
64,Argentina,3/14/20,34,31,2,1
65,Argentina,3/15/20,45,42,2,1
66,Argentina,3/16/20,56,53,2,1
67,Argentina,3/17/20,68,63,2,3
68,Argentina,3/18/20,79,74,2,3
69,Argentina,3/19/20,97,91,3,3
70,Argentina,3/3/20,1,1,0,0
71,Argentina,3/4/20,1,1,0,0
72,Argentina,3/5/20,1,1,0,0
73,Argentina,3/6/20,2,2,0,0
74,Argentina,3/7/20,8,8,0,0
75,Argentina,3/8/20,12,11,1,0
76,Argentina,3/9/20,12,11,1,0
77,Armenia,3/1/20,1,1,0,0
78,Armenia,3/10/20,1,1,0,0
79,Armenia,3/11/20,1,1,0,0
80,Armenia,3/12/20,4,4,0,0
81,Armenia,3/13/20,8,8,0,0
82,Armenia,3/14/20,18,18,0,0
83,Armenia,3/15/20,26,26,0,0
84,Armenia,3/16/20,52,52,0,0
85,Armenia,3/17/20,78,77,0,1
86,Armenia,3/18/20,84,83,0,1
87,Armenia,3/19/20,115,114,0,1
88,Armenia,3/2/20,1,1,0,0
89,Armenia,3/3/20,1,1,0,0
90,Armenia,3/4/20,1,1,0,0
91,Armenia,3/5/20,1,1,0,0
92,Armenia,3/6/20,1,1,0,0
93,Armenia,3/7/20,1,1,0,0
94,Armenia,3/8/20,1,1,0,0
95,Armenia,3/9/20,1,1,0,0
96,Australia,1/26/20,4,4,0,0
97,Australia,1/27/20,5,5,0,0
98,Australia,1/28/20,5,5,0,0
99,Australia,1/29/20,6,6,0,0
100,Australia,1/30/20,9,7,0,2
101,Australia,1/31/20,9,7,0,2
102,Australia,2/1/20,12,10,0,2
103,Australia,2/10/20,15,13,0,2
104,Australia,2/11/20,15,13,0,2
105,Australia,2/12/20,15,13,0,2
106,Australia,2/13/20,15,7,0,8
107,Australia,2/14/20,15,7,0,8
108,Australia,2/15/20,15,7,0,8
109,Australia,2/16/20,15,7,0,8
110,Australia,2/17/20,15,5,0,10
111,Australia,2/18/20,15,5,0,10
112,Australia,2/19/20,15,5,0,10
113,Australia,2/2/20,12,10,0,2
114,Australia,2/20/20,15,5,0,10
115,Australia,2/21/20,15,4,0,11
116,Australia,2/22/20,15,4,0,11
117,Australia,2/23/20,15,4,0,11
118,Australia,2/24/20,15,4,0,11
119,Australia,2/25/20,15,4,0,11
120,Australia,2/26/20,15,4,0,11
121,Australia,2/27/20,15,4,0,11
122,Australia,2/28/20,15,4,0,11
123,Australia,2/29/20,25,14,0,11
124,Australia,2/3/20,12,10,0,2
125,Australia,2/4/20,13,11,0,2
126,Australia,2/5/20,13,11,0,2
127,Australia,2/6/20,14,12,0,2
128,Australia,2/7/20,15,13,0,2
129,Australia,2/8/20,15,13,0,2
130,Australia,2/9/20,15,13,0,2
131,Australia,3/1/20,27,15,1,11
132,Australia,3/10/20,107,83,3,21
133,Australia,3/11/20,128,104,3,21
134,Australia,3/12/20,128,104,3,21
135,Australia,3/13/20,200,174,3,23
136,Australia,3/14/20,250,224,3,23
137,Australia,3/15/20,297,271,3,23
138,Australia,3/16/20,377,351,3,23
139,Australia,3/17/20,452,424,5,23
140,Australia,3/18/20,568,539,6,23
141,Australia,3/19/20,681,649,6,26
142,Australia,3/2/20,30,18,1,11
143,Australia,3/3/20,39,27,1,11
144,Australia,3/4/20,52,39,2,11
145,Australia,3/5/20,55,32,2,21
146,Australia,3/6/20,60,37,2,21
147,Australia,3/7/20,63,40,2,21
148,Australia,3/8/20,76,52,3,21
149,Australia,3/9/20,91,67,3,21
150,Austria,2/25/20,2,2,0,0
151,Austria,2/26/20,2,2,0,0
152,Austria,2/27/20,3,3,0,0
153,Austria,2/28/20,3,3,0,0
154,Austria,2/29/20,9,9,0,0
155,Austria,3/1/20,14,14,0,0
156,Austria,3/10/20,183,179,0,4
157,Austria,3/11/20,247,243,0,4
158,Austria,3/12/20,303,298,1,4
159,Austria,3/13/20,505,498,1,6
160,Austria,3/14/20,659,652,1,6
161,Austria,3/15/20,864,857,1,6
162,Austria,3/16/20,1022,1013,3,6
163,Austria,3/17/20,1339,1335,3,1
164,Austria,3/18/20,1674,1661,4,9
165,Austria,3/19/20,2041,2026,6,9
166,Austria,3/2/20,18,18,0,0
167,Austria,3/3/20,21,21,0,0
168,Austria,3/4/20,30,30,0,0
169,Austria,3/5/20,42,42,0,0
170,Austria,3/6/20,56,56,0,0
171,Austria,3/7/20,80,80,0,0
172,Austria,3/8/20,105,105,0,0
173,Austria,3/9/20,132,130,0,2
174,Azerbaijan,3/1/20,3,3,0,0
175,Azerbaijan,3/10/20,11,11,0,0
176,Azerbaijan,3/11/20,11,8,0,3
177,Azerbaijan,3/12/20,11,8,0,3
178,Azerbaijan,3/13/20,15,11,1,3
179,Azerbaijan,3/14/20,15,11,1,3
180,Azerbaijan,3/15/20,23,16,1,6
181,Azerbaijan,3/16/20,15,8,1,6
182,Azerbaijan,3/17/20,28,21,1,6
183,Azerbaijan,3/18/20,28,21,1,6
184,Azerbaijan,3/19/20,44,37,1,6
185,Azerbaijan,3/2/20,3,3,0,0
186,Azerbaijan,3/3/20,3,3,0,0
187,Azerbaijan,3/4/20,3,3,0,0
188,Azerbaijan,3/5/20,6,6,0,0
189,Azerbaijan,3/6/20,6,6,0,0
190,Azerbaijan,3/7/20,9,9,0,0
191,Azerbaijan,3/8/20,9,9,0,0
192,Azerbaijan,3/9/20,9,9,0,0
193,Bangladesh,3/10/20,3,3,0,0
194,Bangladesh,3/11/20,3,3,0,0
195,Bangladesh,3/12/20,3,3,0,0
196,Bangladesh,3/13/20,3,3,0,0
197,Bangladesh,3/14/20,3,3,0,0
198,Bangladesh,3/15/20,5,5,0,0
199,Bangladesh,3/16/20,8,6,0,2
200,Bangladesh,3/17/20,10,7,0,3
201,Bangladesh,3/18/20,14,10,1,3
202,Bangladesh,3/19/20,17,13,1,3
203,Bangladesh,3/8/20,3,3,0,0
204,Bangladesh,3/9/20,3,3,0,0
205,Belarus,2/28/20,1,1,0,0
206,Belarus,2/29/20,1,1,0,0
207,Belarus,3/1/20,1,1,0,0
208,Belarus,3/10/20,9,6,0,3
209,Belarus,3/11/20,9,6,0,3
210,Belarus,3/12/20,12,9,0,3
211,Belarus,3/13/20,27,24,0,3
212,Belarus,3/14/20,27,24,0,3
213,Belarus,3/15/20,27,24,0,3
214,Belarus,3/16/20,36,33,0,3
215,Belarus,3/17/20,36,33,0,3
216,Belarus,3/18/20,51,46,0,5
217,Belarus,3/19/20,51,46,0,5
218,Belarus,3/2/20,1,1,0,0
219,Belarus,3/3/20,1,1,0,0
220,Belarus,3/4/20,6,6,0,0
221,Belarus,3/5/20,6,6,0,0
222,Belarus,3/6/20,6,6,0,0
223,Belarus,3/7/20,6,6,0,0
224,Belarus,3/8/20,6,6,0,0
225,Belarus,3/9/20,6,5,0,1
226,Belgium,2/10/20,1,1,0,0
227,Belgium,2/11/20,1,1,0,0
228,Belgium,2/12/20,1,1,0,0
229,Belgium,2/13/20,1,1,0,0
230,Belgium,2/14/20,1,1,0,0
231,Belgium,2/15/20,1,1,0,0
232,Belgium,2/16/20,1,1,0,0
233,Belgium,2/17/20,1,0,0,1
234,Belgium,2/18/20,1,0,0,1
235,Belgium,2/19/20,1,0,0,1
236,Belgium,2/20/20,1,0,0,1
237,Belgium,2/21/20,1,0,0,1
238,Belgium,2/22/20,1,0,0,1
239,Belgium,2/23/20,1,0,0,1
240,Belgium,2/24/20,1,0,0,1
241,Belgium,2/25/20,1,0,0,1
242,Belgium,2/26/20,1,0,0,1
243,Belgium,2/27/20,1,0,0,1
244,Belgium,2/28/20,1,0,0,1
245,Belgium,2/29/20,1,0,0,1
246,Belgium,2/4/20,1,1,0,0
247,Belgium,2/5/20,1,1,0,0
248,Belgium,2/6/20,1,1,0,0
249,Belgium,2/7/20,1,1,0,0
250,Belgium,2/8/20,1,1,0,0
251,Belgium,2/9/20,1,1,0,0
252,Belgium,3/1/20,2,1,0,1
253,Belgium,3/10/20,267,266,0,1
254,Belgium,3/11/20,314,310,3,1
255,Belgium,3/12/20,314,310,3,1
256,Belgium,3/13/20,559,555,3,1
257,Belgium,3/14/20,689,684,4,1
258,Belgium,3/15/20,886,881,4,1
259,Belgium,3/16/20,1058,1052,5,1
260,Belgium,3/17/20,1243,1232,10,1
261,Belgium,3/18/20,1486,1441,14,31
262,Belgium,3/19/20,1795,1743,21,31
263,Belgium,3/2/20,8,7,0,1
264,Belgium,3/3/20,13,12,0,1
265,Belgium,3/4/20,23,22,0,1
266,Belgium,3/5/20,50,49,0,1
267,Belgium,3/6/20,109,108,0,1
268,Belgium,3/7/20,169,168,0,1
269,Belgium,3/8/20,200,199,0,1
270,Belgium,3/9/20,239,238,0,1
271,Benin,3/16/20,1,1,0,0
272,Benin,3/17/20,1,1,0,0
273,Benin,3/18/20,2,2,0,0
274,Benin,3/19/20,2,2,0,0
275,Bhutan,3/10/20,1,1,0,0
276,Bhutan,3/11/20,1,1,0,0
277,Bhutan,3/12/20,1,1,0,0
278,Bhutan,3/13/20,1,1,0,0
279,Bhutan,3/14/20,1,1,0,0
280,Bhutan,3/15/20,1,1,0,0
281,Bhutan,3/16/20,1,1,0,0
282,Bhutan,3/17/20,1,1,0,0
283,Bhutan,3/18/20,1,1,0,0
284,Bhutan,3/19/20,1,1,0,0
285,Bhutan,3/6/20,1,1,0,0
286,Bhutan,3/7/20,1,1,0,0
287,Bhutan,3/8/20,1,1,0,0
288,Bhutan,3/9/20,1,1,0,0
289,Bolivia,3/11/20,2,2,0,0
290,Bolivia,3/12/20,2,2,0,0
291,Bolivia,3/13/20,3,3,0,0
292,Bolivia,3/14/20,10,10,0,0
293,Bolivia,3/15/20,10,10,0,0
294,Bolivia,3/16/20,11,11,0,0
295,Bolivia,3/17/20,11,11,0,0
296,Bolivia,3/18/20,12,12,0,0
297,Bolivia,3/19/20,12,12,0,0
298,Bosnia and Herzegovina,3/10/20,5,5,0,0
299,Bosnia and Herzegovina,3/11/20,7,7,0,0
300,Bosnia and Herzegovina,3/12/20,11,11,0,0
301,Bosnia and Herzegovina,3/13/20,13,13,0,0
302,Bosnia and Herzegovina,3/14/20,18,18,0,0
303,Bosnia and Herzegovina,3/15/20,24,24,0,0
304,Bosnia and Herzegovina,3/16/20,25,25,0,0
305,Bosnia and Herzegovina,3/17/20,26,24,0,2
306,Bosnia and Herzegovina,3/18/20,38,36,0,2
307,Bosnia and Herzegovina,3/19/20,63,61,0,2
308,Bosnia and Herzegovina,3/5/20,2,2,0,0
309,Bosnia and Herzegovina,3/6/20,2,2,0,0
310,Bosnia and Herzegovina,3/7/20,3,3,0,0
311,Bosnia and Herzegovina,3/8/20,3,3,0,0
312,Bosnia and Herzegovina,3/9/20,3,3,0,0
313,Brazil,2/26/20,1,1,0,0
314,Brazil,2/27/20,1,1,0,0
315,Brazil,2/28/20,1,1,0,0
316,Brazil,2/29/20,2,2,0,0
317,Brazil,3/1/20,2,2,0,0
318,Brazil,3/10/20,31,31,0,0
319,Brazil,3/11/20,38,38,0,0
320,Brazil,3/12/20,52,52,0,0
321,Brazil,3/13/20,151,151,0,0
322,Brazil,3/14/20,151,151,0,0
323,Brazil,3/15/20,162,162,0,0
324,Brazil,3/16/20,200,199,0,1
325,Brazil,3/17/20,321,318,1,2
326,Brazil,3/18/20,372,367,3,2
327,Brazil,3/19/20,621,613,6,2
328,Brazil,3/2/20,2,2,0,0
329,Brazil,3/3/20,2,2,0,0
330,Brazil,3/4/20,4,4,0,0
331,Brazil,3/5/20,4,4,0,0
332,Brazil,3/6/20,13,13,0,0
333,Brazil,3/7/20,13,13,0,0
334,Brazil,3/8/20,20,20,0,0
335,Brazil,3/9/20,25,25,0,0
336,Brunei,3/10/20,1,1,0,0
337,Brunei,3/11/20,11,11,0,0
338,Brunei,3/12/20,11,11,0,0
339,Brunei,3/13/20,37,37,0,0
340,Brunei,3/14/20,40,40,0,0
341,Brunei,3/15/20,50,50,0,0
342,Brunei,3/16/20,54,54,0,0
343,Brunei,3/17/20,56,56,0,0
344,Brunei,3/18/20,68,68,0,0
345,Brunei,3/19/20,75,75,0,0
346,Brunei,3/9/20,1,1,0,0
347,Bulgaria,3/10/20,4,4,0,0
348,Bulgaria,3/11/20,7,6,1,0
349,Bulgaria,3/12/20,7,6,1,0
350,Bulgaria,3/13/20,23,22,1,0
351,Bulgaria,3/14/20,41,39,2,0
352,Bulgaria,3/15/20,51,49,2,0
353,Bulgaria,3/16/20,52,50,2,0
354,Bulgaria,3/17/20,67,65,2,0
355,Bulgaria,3/18/20,92,90,2,0
356,Bulgaria,3/19/20,94,91,3,0
357,Bulgaria,3/8/20,4,4,0,0
358,Bulgaria,3/9/20,4,4,0,0
359,Burkina Faso,3/10/20,1,1,0,0
360,Burkina Faso,3/11/20,2,2,0,0
361,Burkina Faso,3/12/20,2,2,0,0
362,Burkina Faso,3/13/20,2,2,0,0
363,Burkina Faso,3/14/20,2,2,0,0
364,Burkina Faso,3/15/20,3,3,0,0
365,Burkina Faso,3/16/20,15,15,0,0
366,Burkina Faso,3/17/20,15,15,0,0
367,Burkina Faso,3/18/20,20,19,1,0
368,Burkina Faso,3/19/20,33,32,1,0
369,Cambodia,1/27/20,1,1,0,0
370,Cambodia,1/28/20,1,1,0,0
371,Cambodia,1/29/20,1,1,0,0
372,Cambodia,1/30/20,1,1,0,0
373,Cambodia,1/31/20,1,1,0,0
374,Cambodia,2/1/20,1,1,0,0
375,Cambodia,2/10/20,1,1,0,0
376,Cambodia,2/11/20,1,1,0,0
377,Cambodia,2/12/20,1,0,0,1
378,Cambodia,2/13/20,1,0,0,1
379,Cambodia,2/14/20,1,0,0,1
380,Cambodia,2/15/20,1,0,0,1
381,Cambodia,2/16/20,1,0,0,1
382,Cambodia,2/17/20,1,0,0,1
383,Cambodia,2/18/20,1,0,0,1
384,Cambodia,2/19/20,1,0,0,1
385,Cambodia,2/2/20,1,1,0,0
386,Cambodia,2/20/20,1,0,0,1
387,Cambodia,2/21/20,1,0,0,1
388,Cambodia,2/22/20,1,0,0,1
389,Cambodia,2/23/20,1,0,0,1
390,Cambodia,2/24/20,1,0,0,1
391,Cambodia,2/25/20,1,0,0,1
392,Cambodia,2/26/20,1,0,0,1
393,Cambodia,2/27/20,1,0,0,1
394,Cambodia,2/28/20,1,0,0,1
395,Cambodia,2/29/20,1,0,0,1
396,Cambodia,2/3/20,1,1,0,0
397,Cambodia,2/4/20,1,1,0,0
398,Cambodia,2/5/20,1,1,0,0
399,Cambodia,2/6/20,1,1,0,0
400,Cambodia,2/7/20,1,1,0,0
401,Cambodia,2/8/20,1,1,0,0
402,Cambodia,2/9/20,1,1,0,0
403,Cambodia,3/1/20,1,0,0,1
404,Cambodia,3/10/20,2,1,0,1
405,Cambodia,3/11/20,3,2,0,1
406,Cambodia,3/12/20,3,2,0,1
407,Cambodia,3/13/20,5,4,0,1
408,Cambodia,3/14/20,7,6,0,1
409,Cambodia,3/15/20,7,6,0,1
410,Cambodia,3/16/20,7,6,0,1
411,Cambodia,3/17/20,33,32,0,1
412,Cambodia,3/18/20,35,34,0,1
413,Cambodia,3/19/20,37,36,0,1
414,Cambodia,3/2/20,1,0,0,1
415,Cambodia,3/3/20,1,0,0,1
416,Cambodia,3/4/20,1,0,0,1
417,Cambodia,3/5/20,1,0,0,1
418,Cambodia,3/6/20,1,0,0,1
419,Cambodia,3/7/20,1,0,0,1
420,Cambodia,3/8/20,2,1,0,1
421,Cambodia,3/9/20,2,1,0,1
422,Cameroon,3/10/20,2,2,0,0
423,Cameroon,3/11/20,2,2,0,0
424,Cameroon,3/12/20,2,2,0,0
425,Cameroon,3/13/20,2,2,0,0
426,Cameroon,3/14/20,2,2,0,0
427,Cameroon,3/15/20,2,2,0,0
428,Cameroon,3/16/20,4,4,0,0
429,Cameroon,3/17/20,10,10,0,0
430,Cameroon,3/18/20,10,10,0,0
431,Cameroon,3/19/20,13,13,0,0
432,Cameroon,3/6/20,1,1,0,0
433,Cameroon,3/7/20,1,1,0,0
434,Cameroon,3/8/20,2,2,0,0
435,Cameroon,3/9/20,2,2,0,0
436,Canada,1/26/20,1,1,0,0
437,Canada,1/27/20,1,1,0,0
438,Canada,1/28/20,2,2,0,0
439,Canada,1/29/20,2,2,0,0
440,Canada,1/30/20,2,2,0,0
441,Canada,1/31/20,4,4,0,0
442,Canada,2/1/20,4,4,0,0
443,Canada,2/10/20,7,7,0,0
444,Canada,2/11/20,7,7,0,0
445,Canada,2/12/20,7,6,0,1
446,Canada,2/13/20,7,6,0,1
447,Canada,2/14/20,7,6,0,1
448,Canada,2/15/20,7,6,0,1
449,Canada,2/16/20,7,6,0,1
450,Canada,2/17/20,8,7,0,1
451,Canada,2/18/20,8,7,0,1
452,Canada,2/19/20,8,7,0,1
453,Canada,2/2/20,4,4,0,0
454,Canada,2/20/20,8,7,0,1
455,Canada,2/21/20,9,6,0,3
456,Canada,2/22/20,9,6,0,3
457,Canada,2/23/20,9,6,0,3
458,Canada,2/24/20,10,7,0,3
459,Canada,2/25/20,11,8,0,3
460,Canada,2/26/20,11,8,0,3
461,Canada,2/27/20,13,7,0,6
462,Canada,2/28/20,14,8,0,6
463,Canada,2/29/20,20,14,0,6
464,Canada,2/3/20,4,4,0,0
465,Canada,2/4/20,4,4,0,0
466,Canada,2/5/20,5,5,0,0
467,Canada,2/6/20,5,5,0,0
468,Canada,2/7/20,7,7,0,0
469,Canada,2/8/20,7,7,0,0
470,Canada,2/9/20,7,7,0,0
471,Canada,3/1/20,24,18,0,6
472,Canada,3/10/20,79,70,1,8
473,Canada,3/11/20,108,99,1,8
474,Canada,3/12/20,117,108,1,8
475,Canada,3/13/20,191,182,1,8
476,Canada,3/14/20,196,187,1,8
477,Canada,3/15/20,249,240,1,8
478,Canada,3/16/20,412,399,4,9
479,Canada,3/17/20,469,455,5,9
480,Canada,3/18/20,647,630,8,9
481,Canada,3/19/20,789,771,9,9
482,Canada,3/2/20,27,21,0,6
483,Canada,3/3/20,30,24,0,6
484,Canada,3/4/20,33,27,0,6
485,Canada,3/5/20,37,31,0,6
486,Canada,3/6/20,49,43,0,6
487,Canada,3/7/20,54,46,0,8
488,Canada,3/8/20,64,56,0,8
489,Canada,3/9/20,77,68,1,8
490,Central African Republic,3/15/20,1,1,0,0
491,Central African Republic,3/16/20,1,1,0,0
492,Central African Republic,3/17/20,1,1,0,0
493,Central African Republic,3/18/20,1,1,0,0
494,Central African Republic,3/19/20,1,1,0,0
495,Chad,3/19/20,1,1,0,0
496,Chile,3/10/20,13,13,0,0
497,Chile,3/11/20,23,23,0,0
498,Chile,3/12/20,23,23,0,0
499,Chile,3/13/20,43,43,0,0
500,Chile,3/14/20,61,61,0,0
501,Chile,3/15/20,74,74,0,0
502,Chile,3/16/20,155,155,0,0
503,Chile,3/17/20,201,201,0,0
504,Chile,3/18/20,238,238,0,0
505,Chile,3/19/20,238,238,0,0
506,Chile,3/3/20,1,1,0,0
507,Chile,3/4/20,1,1,0,0
508,Chile,3/5/20,4,4,0,0
509,Chile,3/6/20,4,4,0,0
510,Chile,3/7/20,4,4,0,0
511,Chile,3/8/20,8,8,0,0
512,Chile,3/9/20,8,8,0,0
513,China,1/22/20,547,502,17,28
514,China,1/23/20,641,593,18,30
515,China,1/24/20,918,856,26,36
516,China,1/25/20,1404,1323,42,39
517,China,1/26/20,2070,1965,56,49
518,China,1/27/20,2871,2731,82,58
519,China,1/28/20,5502,5270,131,101
520,China,1/29/20,6080,5827,133,120
521,China,1/30/20,8134,7828,171,135
522,China,1/31/20,9795,9368,213,214
523,China,2/1/20,11884,11350,259,275
524,China,2/10/20,42344,37415,1012,3917
525,China,2/11/20,44376,38629,1112,4635
526,China,2/12/20,44749,38552,1117,5080
527,China,2/13/20,59885,52302,1369,6214
528,China,2/14/20,66348,56853,1521,7974
529,China,2/15/20,68403,57445,1663,9295
530,China,2/16/20,70503,57987,1766,10750
531,China,2/17/20,72424,58103,1864,12457
532,China,2/18/20,74201,57997,2003,14201
533,China,2/19/20,74609,56536,2116,15957
534,China,2/2/20,16622,15798,361,463
535,China,2/20/20,75067,54821,2238,18008
536,China,2/21/20,75540,54604,2238,18698
537,China,2/22/20,76991,51855,2443,22693
538,China,2/23/20,77012,51386,2445,23181
539,China,2/24/20,77231,49627,2595,25009
540,China,2/25/20,77744,47410,2665,27669
541,China,2/26/20,78156,45362,2717,30077
542,China,2/27/20,78590,42922,2746,32922
543,China,2/28/20,78918,39807,2790,36321
544,China,2/29/20,79346,37197,2837,39312
545,China,2/3/20,19708,18669,425,614
546,China,2/4/20,23697,22363,491,843
547,China,2/5/20,27430,25752,563,1115
548,China,2/6/20,30577,28468,633,1476
549,China,2/7/20,34100,31384,718,1998
550,China,2/8/20,36804,33404,805,2595
551,China,2/9/20,39819,35696,905,3218
552,China,3/1/20,79922,34896,2872,42154
553,China,3/10/20,80877,17567,3139,60171
554,China,3/11/20,80911,16116,3161,61634
555,China,3/12/20,80922,14859,3172,62891
556,China,3/13/20,80935,13569,3180,64186
557,China,3/14/20,80967,12124,3193,65650
558,China,3/15/20,80993,10783,3203,67007
559,China,3/16/20,81022,9905,3217,67900
560,China,3/17/20,81046,9028,3230,68788
561,China,3/18/20,81087,8101,3241,69745
562,China,3/19/20,81139,7365,3249,70525
563,China,3/2/20,80126,32366,2914,44846
564,China,3/3/20,80251,29863,2947,47441
565,China,3/4/20,80376,27401,2983,49992
566,China,3/5/20,80527,25229,3015,52283
567,China,3/6/20,80680,23702,3044,53934
568,China,3/7/20,80760,22159,3072,55529
569,China,3/8/20,80813,20335,3100,57378
570,China,3/9/20,80850,18933,3123,58794
571,Colombia,3/10/20,3,3,0,0
572,Colombia,3/11/20,9,9,0,0
573,Colombia,3/12/20,9,9,0,0
574,Colombia,3/13/20,13,13,0,0
575,Colombia,3/14/20,22,22,0,0
576,Colombia,3/15/20,34,34,0,0
577,Colombia,3/16/20,54,54,0,0
578,Colombia,3/17/20,65,64,0,1
579,Colombia,3/18/20,93,92,0,1
580,Colombia,3/19/20,102,101,0,1
581,Colombia,3/6/20,1,1,0,0
582,Colombia,3/7/20,1,1,0,0
583,Colombia,3/8/20,1,1,0,0
584,Colombia,3/9/20,1,1,0,0
585,Costa Rica,3/10/20,9,9,0,0
586,Costa Rica,3/11/20,13,13,0,0
587,Costa Rica,3/12/20,22,22,0,0
588,Costa Rica,3/13/20,23,23,0,0
589,Costa Rica,3/14/20,26,26,0,0
590,Costa Rica,3/15/20,27,27,0,0
591,Costa Rica,3/16/20,35,35,0,0
592,Costa Rica,3/17/20,41,41,0,0
593,Costa Rica,3/18/20,50,50,0,0
594,Costa Rica,3/19/20,69,68,1,0
595,Costa Rica,3/6/20,1,1,0,0
596,Costa Rica,3/7/20,1,1,0,0
597,Costa Rica,3/8/20,5,5,0,0
598,Costa Rica,3/9/20,9,9,0,0
599,Croatia,2/25/20,1,1,0,0
600,Croatia,2/26/20,3,3,0,0
601,Croatia,2/27/20,3,3,0,0
602,Croatia,2/28/20,5,5,0,0
603,Croatia,2/29/20,6,6,0,0
604,Croatia,3/1/20,7,7,0,0
605,Croatia,3/10/20,14,14,0,0
606,Croatia,3/11/20,19,19,0,0
607,Croatia,3/12/20,19,19,0,0
608,Croatia,3/13/20,32,31,0,1
609,Croatia,3/14/20,38,37,0,1
610,Croatia,3/15/20,49,48,0,1
611,Croatia,3/16/20,57,55,0,2
612,Croatia,3/17/20,65,61,0,4
613,Croatia,3/18/20,81,77,0,4
614,Croatia,3/19/20,105,99,1,5
615,Croatia,3/2/20,7,7,0,0
616,Croatia,3/3/20,9,9,0,0
617,Croatia,3/4/20,10,10,0,0
618,Croatia,3/5/20,10,10,0,0
619,Croatia,3/6/20,11,11,0,0
620,Croatia,3/7/20,12,12,0,0
621,Croatia,3/8/20,12,12,0,0
622,Croatia,3/9/20,12,12,0,0
623,Cuba,3/12/20,3,3,0,0
624,Cuba,3/13/20,4,4,0,0
625,Cuba,3/14/20,4,4,0,0
626,Cuba,3/15/20,4,4,0,0
627,Cuba,3/16/20,4,4,0,0
628,Cuba,3/17/20,5,5,0,0
629,Cuba,3/18/20,7,6,1,0
630,Cuba,3/19/20,11,10,1,0
631,Czechia,3/1/20,3,3,0,0
632,Czechia,3/10/20,41,41,0,0
633,Czechia,3/11/20,91,91,0,0
634,Czechia,3/12/20,94,94,0,0
635,Czechia,3/13/20,141,141,0,0
636,Czechia,3/14/20,189,189,0,0
637,Czechia,3/15/20,253,253,0,0
638,Czechia,3/16/20,298,295,0,3
639,Czechia,3/17/20,396,393,0,3
640,Czechia,3/18/20,464,461,0,3
641,Czechia,3/19/20,694,691,0,3
642,Czechia,3/2/20,3,3,0,0
643,Czechia,3/3/20,5,5,0,0
644,Czechia,3/4/20,8,8,0,0
645,Czechia,3/5/20,12,12,0,0
646,Czechia,3/6/20,18,18,0,0
647,Czechia,3/7/20,19,19,0,0
648,Czechia,3/8/20,31,31,0,0
649,Czechia,3/9/20,31,31,0,0
650,Democratic Republic of the Congo,3/11/20,1,1,0,0
651,Democratic Republic of the Congo,3/12/20,1,1,0,0
652,Democratic Republic of the Congo,3/13/20,2,2,0,0
653,Democratic Republic of the Congo,3/14/20,2,2,0,0
654,Democratic Republic of the Congo,3/15/20,3,3,0,0
655,Democratic Republic of the Congo,3/16/20,3,3,0,0
656,Democratic Republic of the Congo,3/17/20,4,4,0,0
657,Democratic Republic of the Congo,3/18/20,5,5,0,0
658,Democratic Republic of the Congo,3/19/20,17,17,0,0
659,Denmark,2/27/20,1,1,0,0
660,Denmark,2/28/20,1,1,0,0
661,Denmark,2/29/20,3,3,0,0
662,Denmark,3/1/20,4,4,0,0
663,Denmark,3/10/20,262,261,0,1
664,Denmark,3/11/20,442,441,0,1
665,Denmark,3/12/20,615,614,0,1
666,Denmark,3/13/20,801,800,0,1
667,Denmark,3/14/20,827,825,1,1
668,Denmark,3/15/20,864,861,2,1
669,Denmark,3/16/20,914,910,3,1
670,Denmark,3/17/20,977,972,4,1
671,Denmark,3/18/20,1057,1052,4,1
672,Denmark,3/19/20,1151,1144,6,1
673,Denmark,3/2/20,4,4,0,0
674,Denmark,3/3/20,6,6,0,0
675,Denmark,3/4/20,10,10,0,0
676,Denmark,3/5/20,10,10,0,0
677,Denmark,3/6/20,23,22,0,1
678,Denmark,3/7/20,23,22,0,1
679,Denmark,3/8/20,35,34,0,1
680,Denmark,3/9/20,90,89,0,1
681,Djibouti,3/18/20,1,1,0,0
682,Djibouti,3/19/20,1,1,0,0
683,Dominican Republic,3/1/20,1,1,0,0
684,Dominican Republic,3/10/20,5,5,0,0
685,Dominican Republic,3/11/20,5,5,0,0
686,Dominican Republic,3/12/20,5,5,0,0
687,Dominican Republic,3/13/20,5,5,0,0
688,Dominican Republic,3/14/20,11,11,0,0
689,Dominican Republic,3/15/20,11,11,0,0
690,Dominican Republic,3/16/20,11,11,0,0
691,Dominican Republic,3/17/20,21,20,1,0
692,Dominican Republic,3/18/20,21,20,1,0
693,Dominican Republic,3/19/20,34,32,2,0
694,Dominican Republic,3/2/20,1,1,0,0
695,Dominican Republic,3/3/20,1,1,0,0
696,Dominican Republic,3/4/20,1,1,0,0
697,Dominican Republic,3/5/20,1,1,0,0
698,Dominican Republic,3/6/20,2,2,0,0
699,Dominican Republic,3/7/20,2,2,0,0
700,Dominican Republic,3/8/20,5,5,0,0
701,Dominican Republic,3/9/20,5,5,0,0
702,Ecuador,3/1/20,6,6,0,0
703,Ecuador,3/10/20,15,15,0,0
704,Ecuador,3/11/20,17,17,0,0
705,Ecuador,3/12/20,17,17,0,0
706,Ecuador,3/13/20,17,17,0,0
707,Ecuador,3/14/20,28,26,2,0
708,Ecuador,3/15/20,28,26,2,0
709,Ecuador,3/16/20,37,35,2,0
710,Ecuador,3/17/20,58,56,2,0
711,Ecuador,3/18/20,111,109,2,0
712,Ecuador,3/19/20,199,196,3,0
713,Ecuador,3/2/20,6,6,0,0
714,Ecuador,3/3/20,7,7,0,0
715,Ecuador,3/4/20,10,10,0,0
716,Ecuador,3/5/20,13,13,0,0
717,Ecuador,3/6/20,13,13,0,0
718,Ecuador,3/7/20,13,13,0,0
719,Ecuador,3/8/20,14,14,0,0
720,Ecuador,3/9/20,15,15,0,0
721,Egypt,2/14/20,1,1,0,0
722,Egypt,2/15/20,1,1,0,0
723,Egypt,2/16/20,1,1,0,0
724,Egypt,2/17/20,1,1,0,0
725,Egypt,2/18/20,1,1,0,0
726,Egypt,2/19/20,1,1,0,0
727,Egypt,2/20/20,1,1,0,0
728,Egypt,2/21/20,1,1,0,0
729,Egypt,2/22/20,1,1,0,0
730,Egypt,2/23/20,1,1,0,0
731,Egypt,2/24/20,1,1,0,0
732,Egypt,2/25/20,1,1,0,0
733,Egypt,2/26/20,1,1,0,0
734,Egypt,2/27/20,1,1,0,0
735,Egypt,2/28/20,1,0,0,1
736,Egypt,2/29/20,1,0,0,1
737,Egypt,3/1/20,2,1,0,1
738,Egypt,3/10/20,59,57,1,1
739,Egypt,3/11/20,60,32,1,27
740,Egypt,3/12/20,67,39,1,27
741,Egypt,3/13/20,80,51,2,27
742,Egypt,3/14/20,109,80,2,27
743,Egypt,3/15/20,110,87,2,21
744,Egypt,3/16/20,150,121,2,27
745,Egypt,3/17/20,196,160,4,32
746,Egypt,3/18/20,196,158,6,32
747,Egypt,3/19/20,256,218,6,32
748,Egypt,3/2/20,2,1,0,1
749,Egypt,3/3/20,2,1,0,1
750,Egypt,3/4/20,2,1,0,1
751,Egypt,3/5/20,3,2,0,1
752,Egypt,3/6/20,15,14,0,1
753,Egypt,3/7/20,15,14,0,1
754,Egypt,3/8/20,49,47,1,1
755,Egypt,3/9/20,55,53,1,1
756,El Salvador,3/19/20,1,1,0,0
757,Equatorial Guinea,3/15/20,1,1,0,0
758,Equatorial Guinea,3/16/20,1,1,0,0
759,Equatorial Guinea,3/17/20,1,1,0,0
760,Equatorial Guinea,3/18/20,4,4,0,0
761,Equatorial Guinea,3/19/20,6,6,0,0
762,Estonia,2/27/20,1,1,0,0
763,Estonia,2/28/20,1,1,0,0
764,Estonia,2/29/20,1,1,0,0
765,Estonia,3/1/20,1,1,0,0
766,Estonia,3/10/20,12,12,0,0
767,Estonia,3/11/20,16,16,0,0
768,Estonia,3/12/20,16,16,0,0
769,Estonia,3/13/20,79,79,0,0
770,Estonia,3/14/20,115,115,0,0
771,Estonia,3/15/20,171,170,0,1
772,Estonia,3/16/20,205,204,0,1
773,Estonia,3/17/20,225,224,0,1
774,Estonia,3/18/20,258,257,0,1
775,Estonia,3/19/20,267,266,0,1
776,Estonia,3/2/20,1,1,0,0
777,Estonia,3/3/20,2,2,0,0
778,Estonia,3/4/20,2,2,0,0
779,Estonia,3/5/20,3,3,0,0
780,Estonia,3/6/20,10,10,0,0
781,Estonia,3/7/20,10,10,0,0
782,Estonia,3/8/20,10,10,0,0
783,Estonia,3/9/20,10,10,0,0
784,Ethiopia,3/13/20,1,1,0,0
785,Ethiopia,3/14/20,1,1,0,0
786,Ethiopia,3/15/20,1,1,0,0
787,Ethiopia,3/16/20,5,5,0,0
788,Ethiopia,3/17/20,5,5,0,0
789,Ethiopia,3/18/20,6,6,0,0
790,Ethiopia,3/19/20,6,6,0,0
791,Fiji,3/19/20,1,1,0,0
792,Finland,1/29/20,1,1,0,0
793,Finland,1/30/20,1,1,0,0
794,Finland,1/31/20,1,1,0,0
795,Finland,2/1/20,1,1,0,0
796,Finland,2/10/20,1,1,0,0
797,Finland,2/11/20,1,1,0,0
798,Finland,2/12/20,1,0,0,1
799,Finland,2/13/20,1,0,0,1
800,Finland,2/14/20,1,0,0,1
801,Finland,2/15/20,1,0,0,1
802,Finland,2/16/20,1,0,0,1
803,Finland,2/17/20,1,0,0,1
804,Finland,2/18/20,1,0,0,1
805,Finland,2/19/20,1,0,0,1
806,Finland,2/2/20,1,1,0,0
807,Finland,2/20/20,1,0,0,1
808,Finland,2/21/20,1,0,0,1
809,Finland,2/22/20,1,0,0,1
810,Finland,2/23/20,1,0,0,1
811,Finland,2/24/20,1,0,0,1
812,Finland,2/25/20,1,0,0,1
813,Finland,2/26/20,2,1,0,1
814,Finland,2/27/20,2,1,0,1
815,Finland,2/28/20,2,1,0,1
816,Finland,2/29/20,3,2,0,1
817,Finland,2/3/20,1,1,0,0
818,Finland,2/4/20,1,1,0,0
819,Finland,2/5/20,1,1,0,0
820,Finland,2/6/20,1,1,0,0
821,Finland,2/7/20,1,1,0,0
822,Finland,2/8/20,1,1,0,0
823,Finland,2/9/20,1,1,0,0
824,Finland,3/1/20,6,5,0,1
825,Finland,3/10/20,40,39,0,1
826,Finland,3/11/20,59,58,0,1
827,Finland,3/12/20,59,58,0,1
828,Finland,3/13/20,155,154,0,1
829,Finland,3/14/20,225,224,0,1
830,Finland,3/15/20,244,234,0,10
831,Finland,3/16/20,277,267,0,10
832,Finland,3/17/20,321,311,0,10
833,Finland,3/18/20,336,326,0,10
834,Finland,3/19/20,400,390,0,10
835,Finland,3/2/20,6,5,0,1
836,Finland,3/3/20,6,5,0,1
837,Finland,3/4/20,6,5,0,1
838,Finland,3/5/20,12,11,0,1
839,Finland,3/6/20,15,14,0,1
840,Finland,3/7/20,15,14,0,1
841,Finland,3/8/20,23,22,0,1
842,Finland,3/9/20,30,29,0,1
843,France,1/24/20,2,2,0,0
844,France,1/25/20,3,3,0,0
845,France,1/26/20,3,3,0,0
846,France,1/27/20,3,3,0,0
847,France,1/28/20,4,4,0,0
848,France,1/29/20,5,5,0,0
849,France,1/30/20,5,5,0,0
850,France,1/31/20,5,5,0,0
851,France,2/1/20,6,6,0,0
852,France,2/10/20,11,11,0,0
853,France,2/11/20,11,11,0,0
854,France,2/12/20,11,9,0,2
855,France,2/13/20,11,9,0,2
856,France,2/14/20,11,9,0,2
857,France,2/15/20,12,7,1,4
858,France,2/16/20,12,7,1,4
859,France,2/17/20,12,7,1,4
860,France,2/18/20,12,7,1,4
861,France,2/19/20,12,7,1,4
862,France,2/2/20,6,6,0,0
863,France,2/20/20,12,7,1,4
864,France,2/21/20,12,7,1,4
865,France,2/22/20,12,7,1,4
866,France,2/23/20,12,7,1,4
867,France,2/24/20,12,7,1,4
868,France,2/25/20,14,2,1,11
869,France,2/26/20,18,5,2,11
870,France,2/27/20,38,25,2,11
871,France,2/28/20,57,44,2,11
872,France,2/29/20,101,87,2,12
873,France,2/3/20,6,6,0,0
874,France,2/4/20,6,6,0,0
875,France,2/5/20,6,6,0,0
876,France,2/6/20,6,6,0,0
877,France,2/7/20,6,6,0,0
878,France,2/8/20,11,11,0,0
879,France,2/9/20,11,11,0,0
880,France,3/1/20,131,117,2,12
881,France,3/10/20,1791,1746,33,12
882,France,3/11/20,2288,2228,48,12
883,France,3/12/20,2289,2228,48,13
884,France,3/13/20,3669,3578,79,12
885,France,3/14/20,4477,4373,91,13
886,France,3/15/20,4509,4405,91,13
887,France,3/16/20,6653,6492,148,13
888,France,3/17/20,7709,7548,148,13
889,France,3/18/20,9100,8939,148,13
890,France,3/19/20,10942,10686,243,13
891,France,3/2/20,193,178,3,12
892,France,3/3/20,206,190,4,12
893,France,3/4/20,287,271,4,12
894,France,3/5/20,379,361,6,12
895,France,3/6/20,655,634,9,12
896,France,3/7/20,956,933,11,12
897,France,3/8/20,1133,1102,19,12
898,France,3/9/20,1216,1185,19,12
899,Gabon,3/14/20,1,1,0,0
900,Gabon,3/15/20,1,1,0,0
901,Gabon,3/16/20,1,1,0,0
902,Gabon,3/17/20,1,1,0,0
903,Gabon,3/18/20,1,1,0,0
904,Gabon,3/19/20,1,1,0,0
905,Gambia,3/17/20,1,1,0,0
906,Gambia,3/18/20,1,1,0,0
907,Gambia,3/19/20,1,1,0,0
908,Georgia,2/26/20,1,1,0,0
909,Georgia,2/27/20,1,1,0,0
910,Georgia,2/28/20,1,1,0,0
911,Georgia,2/29/20,1,1,0,0
912,Georgia,3/1/20,3,3,0,0
913,Georgia,3/10/20,15,15,0,0
914,Georgia,3/11/20,24,24,0,0
915,Georgia,3/12/20,24,24,0,0
916,Georgia,3/13/20,25,25,0,0
917,Georgia,3/14/20,30,30,0,0
918,Georgia,3/15/20,33,33,0,0
919,Georgia,3/16/20,33,32,0,1
920,Georgia,3/17/20,34,33,0,1
921,Georgia,3/18/20,38,37,0,1
922,Georgia,3/19/20,40,39,0,1
923,Georgia,3/2/20,3,3,0,0
924,Georgia,3/3/20,3,3,0,0
925,Georgia,3/4/20,3,3,0,0
926,Georgia,3/5/20,4,4,0,0
927,Georgia,3/6/20,4,4,0,0
928,Georgia,3/7/20,4,4,0,0
929,Georgia,3/8/20,13,13,0,0
930,Georgia,3/9/20,15,15,0,0
931,Germany,1/27/20,1,1,0,0
932,Germany,1/28/20,4,4,0,0
933,Germany,1/29/20,4,4,0,0
934,Germany,1/30/20,4,4,0,0
935,Germany,1/31/20,5,5,0,0
936,Germany,2/1/20,8,8,0,0
937,Germany,2/10/20,14,14,0,0
938,Germany,2/11/20,16,16,0,0
939,Germany,2/12/20,16,16,0,0
940,Germany,2/13/20,16,15,0,1
941,Germany,2/14/20,16,15,0,1
942,Germany,2/15/20,16,15,0,1
943,Germany,2/16/20,16,15,0,1
944,Germany,2/17/20,16,15,0,1
945,Germany,2/18/20,16,4,0,12
946,Germany,2/19/20,16,4,0,12
947,Germany,2/2/20,10,10,0,0
948,Germany,2/20/20,16,4,0,12
949,Germany,2/21/20,16,2,0,14
950,Germany,2/22/20,16,2,0,14
951,Germany,2/23/20,16,2,0,14
952,Germany,2/24/20,16,2,0,14
953,Germany,2/25/20,17,3,0,14
954,Germany,2/26/20,27,12,0,15
955,Germany,2/27/20,46,30,0,16
956,Germany,2/28/20,48,32,0,16
957,Germany,2/29/20,79,63,0,16
958,Germany,2/3/20,12,12,0,0
959,Germany,2/4/20,12,12,0,0
960,Germany,2/5/20,12,12,0,0
961,Germany,2/6/20,12,12,0,0
962,Germany,2/7/20,13,13,0,0
963,Germany,2/8/20,13,13,0,0
964,Germany,2/9/20,14,14,0,0
965,Germany,3/1/20,130,114,0,16
966,Germany,3/10/20,1457,1437,2,18
967,Germany,3/11/20,1908,1880,3,25
968,Germany,3/12/20,2078,2050,3,25
969,Germany,3/13/20,3675,3622,7,46
970,Germany,3/14/20,4585,4530,9,46
971,Germany,3/15/20,5795,5738,11,46
972,Germany,3/16/20,7272,7188,17,67
973,Germany,3/17/20,9257,9166,24,67
974,Germany,3/18/20,12327,12194,28,105
975,Germany,3/19/20,15320,15163,44,113
976,Germany,3/2/20,159,143,0,16
977,Germany,3/3/20,196,180,0,16
978,Germany,3/4/20,262,246,0,16
979,Germany,3/5/20,482,466,0,16
980,Germany,3/6/20,670,653,0,17
981,Germany,3/7/20,799,781,0,18
982,Germany,3/8/20,1040,1022,0,18
983,Germany,3/9/20,1176,1156,2,18
984,Ghana,3/14/20,3,3,0,0
985,Ghana,3/15/20,6,6,0,0
986,Ghana,3/16/20,6,6,0,0
987,Ghana,3/17/20,7,7,0,0
988,Ghana,3/18/20,7,7,0,0
989,Ghana,3/19/20,11,11,0,0
990,Greece,2/26/20,1,1,0,0
991,Greece,2/27/20,3,3,0,0
992,Greece,2/28/20,4,4,0,0
993,Greece,2/29/20,4,4,0,0
994,Greece,3/1/20,7,7,0,0
995,Greece,3/10/20,89,89,0,0
996,Greece,3/11/20,99,98,1,0
997,Greece,3/12/20,99,98,1,0
998,Greece,3/13/20,190,189,1,0
999,Greece,3/14/20,228,217,3,8
1000,Greece,3/15/20,331,319,4,8
1001,Greece,3/16/20,331,319,4,8
1002,Greece,3/17/20,387,374,5,8
1003,Greece,3/18/20,418,405,5,8
1004,Greece,3/19/20,418,404,6,8
1005,Greece,3/2/20,7,7,0,0
1006,Greece,3/3/20,7,7,0,0
1007,Greece,3/4/20,9,9,0,0
1008,Greece,3/5/20,31,31,0,0
1009,Greece,3/6/20,45,45,0,0
1010,Greece,3/7/20,46,46,0,0
1011,Greece,3/8/20,73,73,0,0
1012,Greece,3/9/20,73,73,0,0
1013,Greenland,3/16/20,1,1,0,0
1014,Greenland,3/17/20,1,1,0,0
1015,Greenland,3/18/20,1,1,0,0
1016,Greenland,3/19/20,2,2,0,0
1017,Guatemala,3/14/20,1,1,0,0
1018,Guatemala,3/15/20,1,1,0,0
1019,Guatemala,3/16/20,2,1,1,0
1020,Guatemala,3/17/20,6,5,1,0
1021,Guatemala,3/18/20,6,5,1,0
1022,Guatemala,3/19/20,9,8,1,0
1023,Guinea,3/13/20,1,1,0,0
1024,Guinea,3/14/20,1,1,0,0
1025,Guinea,3/15/20,1,1,0,0
1026,Guinea,3/16/20,1,1,0,0
1027,Guinea,3/17/20,1,1,0,0
1028,Guinea,3/18/20,1,1,0,0
1029,Guinea,3/19/20,1,1,0,0
1030,Guyana,3/12/20,1,0,1,0
1031,Guyana,3/13/20,1,0,1,0
1032,Guyana,3/14/20,1,0,1,0
1033,Guyana,3/15/20,4,3,1,0
1034,Guyana,3/16/20,4,3,1,0
1035,Guyana,3/17/20,7,6,1,0
1036,Guyana,3/18/20,7,6,1,0
1037,Guyana,3/19/20,7,6,1,0
1038,Honduras,3/11/20,2,2,0,0
1039,Honduras,3/12/20,2,2,0,0
1040,Honduras,3/13/20,2,2,0,0
1041,Honduras,3/14/20,2,2,0,0
1042,Honduras,3/15/20,3,3,0,0
1043,Honduras,3/16/20,6,6,0,0
1044,Honduras,3/17/20,8,8,0,0
1045,Honduras,3/18/20,9,9,0,0
1046,Honduras,3/19/20,12,12,0,0
1047,Hungary,3/10/20,9,9,0,0
1048,Hungary,3/11/20,13,13,0,0
1049,Hungary,3/12/20,13,13,0,0
1050,Hungary,3/13/20,19,19,0,0
1051,Hungary,3/14/20,30,29,0,1
1052,Hungary,3/15/20,32,30,1,1
1053,Hungary,3/16/20,39,37,1,1
1054,Hungary,3/17/20,50,47,1,2
1055,Hungary,3/18/20,58,55,1,2
1056,Hungary,3/19/20,73,70,1,2
1057,Hungary,3/4/20,2,2,0,0
1058,Hungary,3/5/20,2,2,0,0
1059,Hungary,3/6/20,2,2,0,0
1060,Hungary,3/7/20,4,4,0,0
1061,Hungary,3/8/20,7,7,0,0
1062,Hungary,3/9/20,9,9,0,0
1063,Iceland,2/28/20,1,1,0,0
1064,Iceland,2/29/20,1,1,0,0
1065,Iceland,3/1/20,3,3,0,0
1066,Iceland,3/10/20,69,68,0,1
1067,Iceland,3/11/20,85,84,0,1
1068,Iceland,3/12/20,103,102,0,1
1069,Iceland,3/13/20,134,133,0,1
1070,Iceland,3/14/20,156,155,0,1
1071,Iceland,3/15/20,171,158,5,8
1072,Iceland,3/16/20,180,180,0,0
1073,Iceland,3/17/20,220,219,1,0
1074,Iceland,3/18/20,250,244,1,5
1075,Iceland,3/19/20,330,324,1,5
1076,Iceland,3/2/20,6,6,0,0
1077,Iceland,3/3/20,11,11,0,0
1078,Iceland,3/4/20,26,26,0,0
1079,Iceland,3/5/20,34,34,0,0
1080,Iceland,3/6/20,43,43,0,0
1081,Iceland,3/7/20,50,50,0,0
1082,Iceland,3/8/20,50,50,0,0
1083,Iceland,3/9/20,58,58,0,0
1084,India,1/30/20,1,1,0,0
1085,India,1/31/20,1,1,0,0
1086,India,2/1/20,1,1,0,0
1087,India,2/10/20,3,3,0,0
1088,India,2/11/20,3,3,0,0
1089,India,2/12/20,3,3,0,0
1090,India,2/13/20,3,3,0,0
1091,India,2/14/20,3,3,0,0
1092,India,2/15/20,3,3,0,0
1093,India,2/16/20,3,0,0,3
1094,India,2/17/20,3,0,0,3
1095,India,2/18/20,3,0,0,3
1096,India,2/19/20,3,0,0,3
1097,India,2/2/20,2,2,0,0
1098,India,2/20/20,3,0,0,3
1099,India,2/21/20,3,0,0,3
1100,India,2/22/20,3,0,0,3
1101,India,2/23/20,3,0,0,3
1102,India,2/24/20,3,0,0,3
1103,India,2/25/20,3,0,0,3
1104,India,2/26/20,3,0,0,3
1105,India,2/27/20,3,0,0,3
1106,India,2/28/20,3,0,0,3
1107,India,2/29/20,3,0,0,3
1108,India,2/3/20,3,3,0,0
1109,India,2/4/20,3,3,0,0
1110,India,2/5/20,3,3,0,0
1111,India,2/6/20,3,3,0,0
1112,India,2/7/20,3,3,0,0
1113,India,2/8/20,3,3,0,0
1114,India,2/9/20,3,3,0,0
1115,India,3/1/20,3,0,0,3
1116,India,3/10/20,56,52,0,4
1117,India,3/11/20,62,57,1,4
1118,India,3/12/20,73,68,1,4
1119,India,3/13/20,82,76,2,4
1120,India,3/14/20,102,96,2,4
1121,India,3/15/20,113,98,2,13
1122,India,3/16/20,119,104,2,13
1123,India,3/17/20,142,125,3,14
1124,India,3/18/20,156,139,3,14
1125,India,3/19/20,194,175,4,15
1126,India,3/2/20,5,2,0,3
1127,India,3/3/20,5,2,0,3
1128,India,3/4/20,28,25,0,3
1129,India,3/5/20,30,27,0,3
1130,India,3/6/20,31,28,0,3
1131,India,3/7/20,34,31,0,3
1132,India,3/8/20,39,36,0,3
1133,India,3/9/20,43,40,0,3
1134,Indonesia,3/10/20,27,25,0,2
1135,Indonesia,3/11/20,34,31,1,2
1136,Indonesia,3/12/20,34,31,1,2
1137,Indonesia,3/13/20,69,63,4,2
1138,Indonesia,3/14/20,96,83,5,8
1139,Indonesia,3/15/20,117,104,5,8
1140,Indonesia,3/16/20,134,121,5,8
1141,Indonesia,3/17/20,172,159,5,8
1142,Indonesia,3/18/20,227,197,19,11
1143,Indonesia,3/19/20,311,275,25,11
1144,Indonesia,3/2/20,2,2,0,0
1145,Indonesia,3/3/20,2,2,0,0
1146,Indonesia,3/4/20,2,2,0,0
1147,Indonesia,3/5/20,2,2,0,0
1148,Indonesia,3/6/20,4,4,0,0
1149,Indonesia,3/7/20,4,4,0,0
1150,Indonesia,3/8/20,6,6,0,0
1151,Indonesia,3/9/20,19,19,0,0
1152,Iran,2/19/20,2,0,2,0
1153,Iran,2/20/20,5,3,2,0
1154,Iran,2/21/20,18,14,4,0
1155,Iran,2/22/20,28,23,5,0
1156,Iran,2/23/20,43,35,8,0
1157,Iran,2/24/20,61,49,12,0
1158,Iran,2/25/20,95,79,16,0
1159,Iran,2/26/20,139,71,19,49
1160,Iran,2/27/20,245,170,26,49
1161,Iran,2/28/20,388,281,34,73
1162,Iran,2/29/20,593,427,43,123
1163,Iran,3/1/20,978,749,54,175
1164,Iran,3/10/20,8042,5020,291,2731
1165,Iran,3/11/20,9000,5687,354,2959
1166,Iran,3/12/20,10075,6687,429,2959
1167,Iran,3/13/20,11364,7891,514,2959
1168,Iran,3/14/20,12729,9159,611,2959
1169,Iran,3/15/20,13938,8624,724,4590
1170,Iran,3/16/20,14991,9548,853,4590
1171,Iran,3/17/20,16169,9792,988,5389
1172,Iran,3/18/20,17361,10837,1135,5389
1173,Iran,3/19/20,18407,11413,1284,5710
1174,Iran,3/2/20,1501,1144,66,291
1175,Iran,3/3/20,2336,1968,77,291
1176,Iran,3/4/20,2922,2278,92,552
1177,Iran,3/5/20,3513,2667,107,739
1178,Iran,3/6/20,4747,3710,124,913
1179,Iran,3/7/20,5823,4009,145,1669
1180,Iran,3/8/20,6566,4238,194,2134
1181,Iran,3/9/20,7161,4530,237,2394
1182,Iraq,2/24/20,1,1,0,0
1183,Iraq,2/25/20,1,1,0,0
1184,Iraq,2/26/20,5,5,0,0
1185,Iraq,2/27/20,7,7,0,0
1186,Iraq,2/28/20,7,7,0,0
1187,Iraq,2/29/20,13,13,0,0
1188,Iraq,3/1/20,19,19,0,0
1189,Iraq,3/10/20,71,61,7,3
1190,Iraq,3/11/20,71,49,7,15
1191,Iraq,3/12/20,71,48,8,15
1192,Iraq,3/13/20,101,68,9,24
1193,Iraq,3/14/20,110,74,10,26
1194,Iraq,3/15/20,116,80,10,26
1195,Iraq,3/16/20,124,88,10,26
1196,Iraq,3/17/20,154,111,11,32
1197,Iraq,3/18/20,164,109,12,43
1198,Iraq,3/19/20,192,136,13,43
1199,Iraq,3/2/20,26,26,0,0
1200,Iraq,3/3/20,32,32,0,0
1201,Iraq,3/4/20,35,33,2,0
1202,Iraq,3/5/20,35,33,2,0
1203,Iraq,3/6/20,40,37,3,0
1204,Iraq,3/7/20,54,50,4,0
1205,Iraq,3/8/20,60,54,6,0
1206,Iraq,3/9/20,60,51,6,3
1207,Ireland,2/29/20,1,1,0,0
1208,Ireland,3/1/20,1,1,0,0
1209,Ireland,3/10/20,34,34,0,0
1210,Ireland,3/11/20,43,42,1,0
1211,Ireland,3/12/20,43,42,1,0
1212,Ireland,3/13/20,90,89,1,0
1213,Ireland,3/14/20,129,127,2,0
1214,Ireland,3/15/20,129,127,2,0
1215,Ireland,3/16/20,169,167,2,0
1216,Ireland,3/17/20,223,216,2,5
1217,Ireland,3/18/20,292,285,2,5
1218,Ireland,3/19/20,557,549,3,5
1219,Ireland,3/2/20,1,1,0,0
1220,Ireland,3/3/20,2,2,0,0
1221,Ireland,3/4/20,6,6,0,0
1222,Ireland,3/5/20,6,6,0,0
1223,Ireland,3/6/20,18,18,0,0
1224,Ireland,3/7/20,18,18,0,0
1225,Ireland,3/8/20,19,19,0,0
1226,Ireland,3/9/20,21,21,0,0
1227,Israel,2/21/20,1,1,0,0
1228,Israel,2/22/20,1,1,0,0
1229,Israel,2/23/20,1,1,0,0
1230,Israel,2/24/20,1,1,0,0
1231,Israel,2/25/20,1,1,0,0
1232,Israel,2/26/20,2,2,0,0
1233,Israel,2/27/20,3,2,0,1
1234,Israel,2/28/20,4,3,0,1
1235,Israel,2/29/20,7,6,0,1
1236,Israel,3/1/20,10,9,0,1
1237,Israel,3/10/20,83,79,0,4
1238,Israel,3/11/20,109,105,0,4
1239,Israel,3/12/20,131,127,0,4
1240,Israel,3/13/20,161,157,0,4
1241,Israel,3/14/20,193,189,0,4
1242,Israel,3/15/20,251,247,0,4
1243,Israel,3/16/20,255,251,0,4
1244,Israel,3/17/20,337,326,0,11
1245,Israel,3/18/20,433,422,0,11
1246,Israel,3/19/20,677,666,0,11
1247,Israel,3/2/20,10,9,0,1
1248,Israel,3/3/20,12,11,0,1
1249,Israel,3/4/20,15,14,0,1
1250,Israel,3/5/20,20,19,0,1
1251,Israel,3/6/20,37,35,0,2
1252,Israel,3/7/20,43,41,0,2
1253,Israel,3/8/20,61,59,0,2
1254,Israel,3/9/20,61,59,0,2
1255,Italy,1/31/20,2,2,0,0
1256,Italy,2/1/20,2,2,0,0
1257,Italy,2/10/20,3,3,0,0
1258,Italy,2/11/20,3,3,0,0
1259,Italy,2/12/20,3,3,0,0
1260,Italy,2/13/20,3,3,0,0
1261,Italy,2/14/20,3,3,0,0
1262,Italy,2/15/20,3,3,0,0
1263,Italy,2/16/20,3,3,0,0
1264,Italy,2/17/20,3,3,0,0
1265,Italy,2/18/20,3,3,0,0
1266,Italy,2/19/20,3,3,0,0
1267,Italy,2/2/20,2,2,0,0
1268,Italy,2/20/20,3,3,0,0
1269,Italy,2/21/20,20,19,1,0
1270,Italy,2/22/20,62,59,2,1
1271,Italy,2/23/20,155,150,3,2
1272,Italy,2/24/20,229,221,7,1
1273,Italy,2/25/20,322,311,10,1
1274,Italy,2/26/20,453,438,12,3
1275,Italy,2/27/20,656,594,17,45
1276,Italy,2/28/20,889,822,21,46
1277,Italy,2/29/20,1129,1054,29,46
1278,Italy,2/3/20,2,2,0,0
1279,Italy,2/4/20,2,2,0,0
1280,Italy,2/5/20,2,2,0,0
1281,Italy,2/6/20,2,2,0,0
1282,Italy,2/7/20,3,3,0,0
1283,Italy,2/8/20,3,3,0,0
1284,Italy,2/9/20,3,3,0,0
1285,Italy,3/1/20,1695,1578,34,83
1286,Italy,3/10/20,10201,8844,633,724
1287,Italy,3/11/20,12525,10651,829,1045
1288,Italy,3/12/20,12532,10657,830,1045
1289,Italy,3/13/20,17741,15031,1271,1439
1290,Italy,3/14/20,21238,17822,1446,1970
1291,Italy,3/15/20,24849,20696,1814,2339
1292,Italy,3/16/20,28090,23172,2165,2753
1293,Italy,3/17/20,31616,26161,2510,2945
1294,Italy,3/18/20,35833,28815,2989,4029
1295,Italy,3/19/20,41155,33295,3416,4444
1296,Italy,3/2/20,2044,1843,52,149
1297,Italy,3/3/20,2512,2272,80,160
1298,Italy,3/4/20,3105,2721,108,276
1299,Italy,3/5/20,3879,3316,149,414
1300,Italy,3/6/20,4658,3937,198,523
1301,Italy,3/7/20,5907,5084,234,589
1302,Italy,3/8/20,7412,6423,367,622
1303,Italy,3/9/20,9209,8021,464,724
1304,Ivory Coast,3/11/20,1,1,0,0
1305,Ivory Coast,3/12/20,1,1,0,0
1306,Ivory Coast,3/13/20,1,1,0,0
1307,Ivory Coast,3/14/20,1,1,0,0
1308,Ivory Coast,3/15/20,1,1,0,0
1309,Ivory Coast,3/16/20,1,1,0,0
1310,Ivory Coast,3/17/20,5,4,0,1
1311,Ivory Coast,3/18/20,6,5,0,1
1312,Ivory Coast,3/19/20,9,8,0,1
1313,Jamaica,3/11/20,1,1,0,0
1314,Jamaica,3/12/20,2,2,0,0
1315,Jamaica,3/13/20,8,8,0,0
1316,Jamaica,3/14/20,8,8,0,0
1317,Jamaica,3/15/20,10,10,0,0
1318,Jamaica,3/16/20,10,8,0,2
1319,Jamaica,3/17/20,12,10,0,2
1320,Jamaica,3/18/20,13,11,0,2
1321,Jamaica,3/19/20,15,12,1,2
1322,Japan,1/22/20,2,2,0,0
1323,Japan,1/23/20,1,1,0,0
1324,Japan,1/24/20,2,2,0,0
1325,Japan,1/25/20,2,2,0,0
1326,Japan,1/26/20,4,3,0,1
1327,Japan,1/27/20,4,3,0,1
1328,Japan,1/28/20,7,6,0,1
1329,Japan,1/29/20,7,6,0,1
1330,Japan,1/30/20,11,10,0,1
1331,Japan,1/31/20,15,14,0,1
1332,Japan,2/1/20,20,19,0,1
1333,Japan,2/10/20,161,157,0,4
1334,Japan,2/11/20,161,152,0,9
1335,Japan,2/12/20,203,194,0,9
1336,Japan,2/13/20,203,193,1,9
1337,Japan,2/14/20,247,237,1,9
1338,Japan,2/15/20,328,315,1,12
1339,Japan,2/16/20,414,401,1,12
1340,Japan,2/17/20,520,507,1,12
1341,Japan,2/18/20,616,602,1,13
1342,Japan,2/19/20,705,685,1,19
1343,Japan,2/2/20,20,19,0,1
1344,Japan,2/20/20,728,706,3,19
1345,Japan,2/21/20,743,717,3,23
1346,Japan,2/22/20,763,737,3,23
1347,Japan,2/23/20,845,819,4,22
1348,Japan,2/24/20,893,867,4,22
1349,Japan,2/25/20,904,878,4,22
1350,Japan,2/26/20,943,905,6,32
1351,Japan,2/27/20,969,929,8,32
1352,Japan,2/28/20,985,943,10,32
1353,Japan,2/29/20,990,937,11,42
1354,Japan,2/3/20,20,19,0,1
1355,Japan,2/4/20,22,21,0,1
1356,Japan,2/5/20,22,21,0,1
1357,Japan,2/6/20,45,44,0,1
1358,Japan,2/7/20,86,85,0,1
1359,Japan,2/8/20,86,85,0,1
1360,Japan,2/9/20,90,89,0,1
1361,Japan,3/1/20,1005,951,12,42
1362,Japan,3/10/20,1323,1166,16,141
1363,Japan,3/11/20,1381,916,22,443
1364,Japan,3/12/20,1381,915,23,443
1365,Japan,3/13/20,1443,974,26,443
1366,Japan,3/14/20,1515,1043,29,443
1367,Japan,3/15/20,1581,1109,29,443
1368,Japan,3/16/20,1568,1065,34,469
1369,Japan,3/17/20,1621,1116,36,469
1370,Japan,3/18/20,1648,1143,36,469
1371,Japan,3/19/20,1683,1172,36,475
1372,Japan,3/2/20,1024,970,12,42
1373,Japan,3/3/20,1044,979,12,53
1374,Japan,3/4/20,1082,1017,12,53
1375,Japan,3/5/20,1111,1046,12,53
1376,Japan,3/6/20,1161,1063,12,86
1377,Japan,3/7/20,1202,1074,12,116
1378,Japan,3/8/20,1243,1115,12,116
1379,Japan,3/9/20,1252,1120,16,116
1380,Jordan,3/10/20,1,1,0,0
1381,Jordan,3/11/20,1,1,0,0
1382,Jordan,3/12/20,1,1,0,0
1383,Jordan,3/13/20,1,0,0,1
1384,Jordan,3/14/20,1,0,0,1
1385,Jordan,3/15/20,8,7,0,1
1386,Jordan,3/16/20,17,16,0,1
1387,Jordan,3/17/20,34,33,0,1
1388,Jordan,3/18/20,52,51,0,1
1389,Jordan,3/19/20,69,68,0,1
1390,Jordan,3/3/20,1,1,0,0
1391,Jordan,3/4/20,1,1,0,0
1392,Jordan,3/5/20,1,1,0,0
1393,Jordan,3/6/20,1,1,0,0
1394,Jordan,3/7/20,1,1,0,0
1395,Jordan,3/8/20,1,1,0,0
1396,Jordan,3/9/20,1,1,0,0
1397,Kazakhstan,3/13/20,4,4,0,0
1398,Kazakhstan,3/14/20,6,6,0,0
1399,Kazakhstan,3/15/20,9,9,0,0
1400,Kazakhstan,3/16/20,10,10,0,0
1401,Kazakhstan,3/17/20,33,33,0,0
1402,Kazakhstan,3/18/20,35,35,0,0
1403,Kazakhstan,3/19/20,44,44,0,0
1404,Kenya,3/13/20,1,1,0,0
1405,Kenya,3/14/20,1,1,0,0
1406,Kenya,3/15/20,3,3,0,0
1407,Kenya,3/16/20,3,3,0,0
1408,Kenya,3/17/20,3,3,0,0
1409,Kenya,3/18/20,3,3,0,0
1410,Kenya,3/19/20,7,7,0,0
1411,Kosovo,3/15/20,2,2,0,0
1412,Kosovo,3/16/20,2,2,0,0
1413,Kosovo,3/17/20,2,2,0,0
1414,Kosovo,3/18/20,2,2,0,0
1415,Kosovo,3/19/20,2,2,0,0
1416,Kuwait,2/24/20,1,1,0,0
1417,Kuwait,2/25/20,11,11,0,0
1418,Kuwait,2/26/20,26,26,0,0
1419,Kuwait,2/27/20,43,43,0,0
1420,Kuwait,2/28/20,45,45,0,0
1421,Kuwait,2/29/20,45,45,0,0
1422,Kuwait,3/1/20,45,45,0,0
1423,Kuwait,3/10/20,69,68,0,1
1424,Kuwait,3/11/20,72,70,0,2
1425,Kuwait,3/12/20,80,75,0,5
1426,Kuwait,3/13/20,80,75,0,5
1427,Kuwait,3/14/20,104,99,0,5
1428,Kuwait,3/15/20,112,107,0,5
1429,Kuwait,3/16/20,123,114,0,9
1430,Kuwait,3/17/20,130,121,0,9
1431,Kuwait,3/18/20,142,127,0,15
1432,Kuwait,3/19/20,148,130,0,18
1433,Kuwait,3/2/20,56,56,0,0
1434,Kuwait,3/3/20,56,56,0,0
1435,Kuwait,3/4/20,56,56,0,0
1436,Kuwait,3/5/20,58,58,0,0
1437,Kuwait,3/6/20,58,58,0,0
1438,Kuwait,3/7/20,61,61,0,0
1439,Kuwait,3/8/20,64,63,0,1
1440,Kuwait,3/9/20,64,63,0,1
1441,Kyrgyzstan,3/18/20,3,3,0,0
1442,Kyrgyzstan,3/19/20,3,3,0,0
1443,Latvia,3/10/20,8,7,0,1
1444,Latvia,3/11/20,10,9,0,1
1445,Latvia,3/12/20,10,9,0,1
1446,Latvia,3/13/20,17,16,0,1
1447,Latvia,3/14/20,26,25,0,1
1448,Latvia,3/15/20,30,29,0,1
1449,Latvia,3/16/20,34,33,0,1
1450,Latvia,3/17/20,49,48,0,1
1451,Latvia,3/18/20,71,70,0,1
1452,Latvia,3/19/20,86,85,0,1
1453,Latvia,3/2/20,1,1,0,0
1454,Latvia,3/3/20,1,1,0,0
1455,Latvia,3/4/20,1,1,0,0
1456,Latvia,3/5/20,1,1,0,0
1457,Latvia,3/6/20,1,1,0,0
1458,Latvia,3/7/20,1,1,0,0
1459,Latvia,3/8/20,2,2,0,0
1460,Latvia,3/9/20,6,6,0,0
1461,Lebanon,2/21/20,1,1,0,0
1462,Lebanon,2/22/20,1,1,0,0
1463,Lebanon,2/23/20,1,1,0,0
1464,Lebanon,2/24/20,1,1,0,0
1465,Lebanon,2/25/20,1,1,0,0
1466,Lebanon,2/26/20,2,2,0,0
1467,Lebanon,2/27/20,2,2,0,0
1468,Lebanon,2/28/20,2,2,0,0
1469,Lebanon,2/29/20,4,4,0,0
1470,Lebanon,3/1/20,10,10,0,0
1471,Lebanon,3/10/20,41,39,1,1
1472,Lebanon,3/11/20,61,57,3,1
1473,Lebanon,3/12/20,61,57,3,1
1474,Lebanon,3/13/20,77,73,3,1
1475,Lebanon,3/14/20,93,89,3,1
1476,Lebanon,3/15/20,110,106,3,1
1477,Lebanon,3/16/20,99,95,3,1
1478,Lebanon,3/17/20,120,114,3,3
1479,Lebanon,3/18/20,133,127,3,3
1480,Lebanon,3/19/20,157,149,4,4
1481,Lebanon,3/2/20,13,13,0,0
1482,Lebanon,3/3/20,13,13,0,0
1483,Lebanon,3/4/20,13,12,0,1
1484,Lebanon,3/5/20,16,15,0,1
1485,Lebanon,3/6/20,22,21,0,1
1486,Lebanon,3/7/20,22,21,0,1
1487,Lebanon,3/8/20,32,31,0,1
1488,Lebanon,3/9/20,32,31,0,1
1489,Liberia,3/16/20,1,1,0,0
1490,Liberia,3/17/20,1,1,0,0
1491,Liberia,3/18/20,2,2,0,0
1492,Liberia,3/19/20,2,2,0,0
1493,Lithuania,2/28/20,1,1,0,0
1494,Lithuania,2/29/20,1,1,0,0
1495,Lithuania,3/1/20,1,1,0,0
1496,Lithuania,3/10/20,1,1,0,0
1497,Lithuania,3/11/20,3,3,0,0
1498,Lithuania,3/12/20,3,3,0,0
1499,Lithuania,3/13/20,6,6,0,0
1500,Lithuania,3/14/20,8,8,0,0
1501,Lithuania,3/15/20,12,11,0,1
1502,Lithuania,3/16/20,17,16,0,1
1503,Lithuania,3/17/20,25,24,0,1
1504,Lithuania,3/18/20,27,26,0,1
1505,Lithuania,3/19/20,36,35,0,1
1506,Lithuania,3/2/20,1,1,0,0
1507,Lithuania,3/3/20,1,1,0,0
1508,Lithuania,3/4/20,1,1,0,0
1509,Lithuania,3/5/20,1,1,0,0
1510,Lithuania,3/6/20,1,1,0,0
1511,Lithuania,3/7/20,1,1,0,0
1512,Lithuania,3/8/20,1,1,0,0
1513,Lithuania,3/9/20,1,1,0,0
1514,Luxembourg,2/29/20,1,1,0,0
1515,Luxembourg,3/1/20,1,1,0,0
1516,Luxembourg,3/10/20,5,5,0,0
1517,Luxembourg,3/11/20,7,7,0,0
1518,Luxembourg,3/12/20,19,19,0,0
1519,Luxembourg,3/13/20,34,34,0,0
1520,Luxembourg,3/14/20,51,50,1,0
1521,Luxembourg,3/15/20,59,58,1,0
1522,Luxembourg,3/16/20,77,76,1,0
1523,Luxembourg,3/17/20,140,139,1,0
1524,Luxembourg,3/18/20,203,201,2,0
1525,Luxembourg,3/19/20,335,331,4,0
1526,Luxembourg,3/2/20,1,1,0,0
1527,Luxembourg,3/3/20,1,1,0,0
1528,Luxembourg,3/4/20,1,1,0,0
1529,Luxembourg,3/5/20,1,1,0,0
1530,Luxembourg,3/6/20,2,2,0,0
1531,Luxembourg,3/7/20,2,2,0,0
1532,Luxembourg,3/8/20,3,3,0,0
1533,Luxembourg,3/9/20,3,3,0,0
1534,Macedonia,2/26/20,1,1,0,0
1535,Macedonia,2/27/20,1,1,0,0
1536,Macedonia,2/28/20,1,1,0,0
1537,Macedonia,2/29/20,1,1,0,0
1538,Macedonia,3/1/20,1,1,0,0
1539,Macedonia,3/10/20,7,7,0,0
1540,Macedonia,3/11/20,7,7,0,0
1541,Macedonia,3/12/20,7,7,0,0
1542,Macedonia,3/13/20,14,13,0,1
1543,Macedonia,3/14/20,14,13,0,1
1544,Macedonia,3/15/20,14,13,0,1
1545,Macedonia,3/16/20,18,17,0,1
1546,Macedonia,3/17/20,26,25,0,1
1547,Macedonia,3/18/20,35,34,0,1
1548,Macedonia,3/19/20,48,47,0,1
1549,Macedonia,3/2/20,1,1,0,0
1550,Macedonia,3/3/20,1,1,0,0
1551,Macedonia,3/4/20,1,1,0,0
1552,Macedonia,3/5/20,1,1,0,0
1553,Macedonia,3/6/20,3,3,0,0
1554,Macedonia,3/7/20,3,3,0,0
1555,Macedonia,3/8/20,3,3,0,0
1556,Macedonia,3/9/20,3,3,0,0
1557,Malaysia,1/23/20,1,1,0,0
1558,Malaysia,1/24/20,3,3,0,0
1559,Malaysia,1/25/20,6,6,0,0
1560,Malaysia,1/26/20,8,8,0,0
1561,Malaysia,1/27/20,9,9,0,0
1562,Malaysia,1/28/20,11,11,0,0
1563,Malaysia,1/29/20,14,14,0,0
1564,Malaysia,1/30/20,18,18,0,0
1565,Malaysia,1/31/20,21,21,0,0
1566,Malaysia,2/1/20,24,24,0,0
1567,Malaysia,2/10/20,63,60,0,3
1568,Malaysia,2/11/20,65,53,0,12
1569,Malaysia,2/12/20,68,50,0,18
1570,Malaysia,2/13/20,77,59,0,18
1571,Malaysia,2/14/20,86,66,0,20
1572,Malaysia,2/15/20,94,69,0,25
1573,Malaysia,2/16/20,97,72,0,25
1574,Malaysia,2/17/20,99,68,0,31
1575,Malaysia,2/18/20,103,61,0,42
1576,Malaysia,2/19/20,106,57,0,49
1577,Malaysia,2/2/20,26,26,0,0
1578,Malaysia,2/20/20,106,57,0,49
1579,Malaysia,2/21/20,107,55,0,52
1580,Malaysia,2/22/20,107,55,0,52
1581,Malaysia,2/23/20,111,45,0,66
1582,Malaysia,2/24/20,111,42,0,69
1583,Malaysia,2/25/20,113,42,0,71
1584,Malaysia,2/26/20,115,35,0,80
1585,Malaysia,2/27/20,116,36,0,80
1586,Malaysia,2/28/20,116,36,0,80
1587,Malaysia,2/29/20,127,37,0,90
1588,Malaysia,2/3/20,26,26,0,0
1589,Malaysia,2/4/20,34,34,0,0
1590,Malaysia,2/5/20,40,40,0,0
1591,Malaysia,2/6/20,40,40,0,0
1592,Malaysia,2/7/20,42,41,0,1
1593,Malaysia,2/8/20,49,46,0,3
1594,Malaysia,2/9/20,56,53,0,3
1595,Malaysia,3/1/20,135,45,0,90
1596,Malaysia,3/10/20,289,187,0,102
1597,Malaysia,3/11/20,327,205,0,122
1598,Malaysia,3/12/20,327,205,0,122
1599,Malaysia,3/13/20,397,274,0,123
1600,Malaysia,3/14/20,450,310,0,140
1601,Malaysia,3/15/20,654,507,0,147
1602,Malaysia,3/16/20,809,658,0,151
1603,Malaysia,3/17/20,939,774,2,163
1604,Malaysia,3/18/20,1103,927,2,174
1605,Malaysia,3/19/20,1245,1054,2,189
1606,Malaysia,3/2/20,137,41,0,96
1607,Malaysia,3/3/20,146,46,0,100
1608,Malaysia,3/4/20,160,60,0,100
1609,Malaysia,3/5/20,167,67,0,100
1610,Malaysia,3/6/20,213,113,0,100
1611,Malaysia,3/7/20,231,130,0,101
1612,Malaysia,3/8/20,249,147,0,102
1613,Malaysia,3/9/20,267,165,0,102
1614,Mexico,2/28/20,1,1,0,0
1615,Mexico,2/29/20,4,4,0,0
1616,Mexico,3/1/20,5,5,0,0
1617,Mexico,3/10/20,7,3,0,4
1618,Mexico,3/11/20,8,4,0,4
1619,Mexico,3/12/20,12,8,0,4
1620,Mexico,3/13/20,12,8,0,4
1621,Mexico,3/14/20,26,22,0,4
1622,Mexico,3/15/20,41,37,0,4
1623,Mexico,3/16/20,53,49,0,4
1624,Mexico,3/17/20,82,78,0,4
1625,Mexico,3/18/20,93,89,0,4
1626,Mexico,3/19/20,118,113,1,4
1627,Mexico,3/2/20,5,5,0,0
1628,Mexico,3/3/20,5,4,0,1
1629,Mexico,3/4/20,5,4,0,1
1630,Mexico,3/5/20,5,4,0,1
1631,Mexico,3/6/20,6,5,0,1
1632,Mexico,3/7/20,6,5,0,1
1633,Mexico,3/8/20,7,6,0,1
1634,Mexico,3/9/20,7,6,0,1
1635,Moldova,3/10/20,3,3,0,0
1636,Moldova,3/11/20,3,3,0,0
1637,Moldova,3/12/20,3,3,0,0
1638,Moldova,3/13/20,6,6,0,0
1639,Moldova,3/14/20,12,12,0,0
1640,Moldova,3/15/20,23,23,0,0
1641,Moldova,3/16/20,23,23,0,0
1642,Moldova,3/17/20,30,29,0,1
1643,Moldova,3/18/20,30,28,1,1
1644,Moldova,3/19/20,49,47,1,1
1645,Moldova,3/8/20,1,1,0,0
1646,Moldova,3/9/20,1,1,0,0
1647,Mongolia,3/10/20,1,1,0,0
1648,Mongolia,3/11/20,1,1,0,0
1649,Mongolia,3/12/20,1,1,0,0
1650,Mongolia,3/13/20,1,1,0,0
1651,Mongolia,3/14/20,1,1,0,0
1652,Mongolia,3/15/20,1,1,0,0
1653,Mongolia,3/16/20,1,1,0,0
1654,Mongolia,3/17/20,5,5,0,0
1655,Mongolia,3/18/20,6,6,0,0
1656,Mongolia,3/19/20,6,6,0,0
1657,Montenegro,3/17/20,2,2,0,0
1658,Montenegro,3/18/20,1,1,0,0
1659,Montenegro,3/19/20,3,3,0,0
1660,Morocco,3/10/20,3,2,1,0
1661,Morocco,3/11/20,5,4,1,0
1662,Morocco,3/12/20,6,5,1,0
1663,Morocco,3/13/20,7,5,1,1
1664,Morocco,3/14/20,17,15,1,1
1665,Morocco,3/15/20,28,26,1,1
1666,Morocco,3/16/20,29,27,1,1
1667,Morocco,3/17/20,38,35,2,1
1668,Morocco,3/18/20,49,46,2,1
1669,Morocco,3/19/20,63,60,2,1
1670,Morocco,3/2/20,1,1,0,0
1671,Morocco,3/3/20,1,1,0,0
1672,Morocco,3/4/20,1,1,0,0
1673,Morocco,3/5/20,2,2,0,0
1674,Morocco,3/6/20,2,2,0,0
1675,Morocco,3/7/20,2,2,0,0
1676,Morocco,3/8/20,2,2,0,0
1677,Morocco,3/9/20,2,2,0,0
1678,Namibia,3/14/20,2,2,0,0
1679,Namibia,3/15/20,2,2,0,0
1680,Namibia,3/16/20,2,2,0,0
1681,Namibia,3/17/20,2,2,0,0
1682,Namibia,3/18/20,2,2,0,0
1683,Namibia,3/19/20,3,3,0,0
1684,Nepal,1/25/20,1,1,0,0
1685,Nepal,1/26/20,1,1,0,0
1686,Nepal,1/27/20,1,1,0,0
1687,Nepal,1/28/20,1,1,0,0
1688,Nepal,1/29/20,1,1,0,0
1689,Nepal,1/30/20,1,1,0,0
1690,Nepal,1/31/20,1,1,0,0
1691,Nepal,2/1/20,1,1,0,0
1692,Nepal,2/10/20,1,1,0,0
1693,Nepal,2/11/20,1,1,0,0
1694,Nepal,2/12/20,1,0,0,1
1695,Nepal,2/13/20,1,0,0,1
1696,Nepal,2/14/20,1,0,0,1
1697,Nepal,2/15/20,1,0,0,1
1698,Nepal,2/16/20,1,0,0,1
1699,Nepal,2/17/20,1,0,0,1
1700,Nepal,2/18/20,1,0,0,1
1701,Nepal,2/19/20,1,0,0,1
1702,Nepal,2/2/20,1,1,0,0
1703,Nepal,2/20/20,1,0,0,1
1704,Nepal,2/21/20,1,0,0,1
1705,Nepal,2/22/20,1,0,0,1
1706,Nepal,2/23/20,1,0,0,1
1707,Nepal,2/24/20,1,0,0,1
1708,Nepal,2/25/20,1,0,0,1
1709,Nepal,2/26/20,1,0,0,1
1710,Nepal,2/27/20,1,0,0,1
1711,Nepal,2/28/20,1,0,0,1
1712,Nepal,2/29/20,1,0,0,1
1713,Nepal,2/3/20,1,1,0,0
1714,Nepal,2/4/20,1,1,0,0
1715,Nepal,2/5/20,1,1,0,0
1716,Nepal,2/6/20,1,1,0,0
1717,Nepal,2/7/20,1,1,0,0
1718,Nepal,2/8/20,1,1,0,0
1719,Nepal,2/9/20,1,1,0,0
1720,Nepal,3/1/20,1,0,0,1
1721,Nepal,3/10/20,1,0,0,1
1722,Nepal,3/11/20,1,0,0,1
1723,Nepal,3/12/20,1,0,0,1
1724,Nepal,3/13/20,1,0,0,1
1725,Nepal,3/14/20,1,0,0,1
1726,Nepal,3/15/20,1,0,0,1
1727,Nepal,3/16/20,1,0,0,1
1728,Nepal,3/17/20,1,0,0,1
1729,Nepal,3/18/20,1,0,0,1
1730,Nepal,3/19/20,1,0,0,1
1731,Nepal,3/2/20,1,0,0,1
1732,Nepal,3/3/20,1,0,0,1
1733,Nepal,3/4/20,1,0,0,1
1734,Nepal,3/5/20,1,0,0,1
1735,Nepal,3/6/20,1,0,0,1
1736,Nepal,3/7/20,1,0,0,1
1737,Nepal,3/8/20,1,0,0,1
1738,Nepal,3/9/20,1,0,0,1
1739,Netherlands,2/27/20,1,1,0,0
1740,Netherlands,2/28/20,1,1,0,0
1741,Netherlands,2/29/20,6,6,0,0
1742,Netherlands,3/1/20,10,10,0,0
1743,Netherlands,3/10/20,382,378,4,0
1744,Netherlands,3/11/20,503,498,5,0
1745,Netherlands,3/12/20,503,498,5,0
1746,Netherlands,3/13/20,804,794,10,0
1747,Netherlands,3/14/20,959,945,12,2
1748,Netherlands,3/15/20,1135,1113,20,2
1749,Netherlands,3/16/20,1413,1387,24,2
1750,Netherlands,3/17/20,1705,1660,43,2
1751,Netherlands,3/18/20,2051,1991,58,2
1752,Netherlands,3/19/20,2460,2382,76,2
1753,Netherlands,3/2/20,18,18,0,0
1754,Netherlands,3/3/20,24,24,0,0
1755,Netherlands,3/4/20,38,38,0,0
1756,Netherlands,3/5/20,82,82,0,0
1757,Netherlands,3/6/20,128,127,1,0
1758,Netherlands,3/7/20,188,187,1,0
1759,Netherlands,3/8/20,265,262,3,0
1760,Netherlands,3/9/20,321,318,3,0
1761,Nicaragua,3/19/20,1,1,0,0
1762,Niger,3/14/20,1,1,0,0
1763,Niger,3/15/20,1,1,0,0
1764,Niger,3/16/20,1,1,0,0
1765,Niger,3/17/20,1,1,0,0
1766,Niger,3/18/20,1,1,0,0
1767,Niger,3/19/20,2,2,0,0
1768,Nigeria,2/28/20,1,1,0,0
1769,Nigeria,2/29/20,1,1,0,0
1770,Nigeria,3/1/20,1,1,0,0
1771,Nigeria,3/10/20,2,2,0,0
1772,Nigeria,3/11/20,2,2,0,0
1773,Nigeria,3/12/20,2,2,0,0
1774,Nigeria,3/13/20,2,2,0,0
1775,Nigeria,3/14/20,2,2,0,0
1776,Nigeria,3/15/20,2,2,0,0
1777,Nigeria,3/16/20,2,2,0,0
1778,Nigeria,3/17/20,3,3,0,0
1779,Nigeria,3/18/20,8,7,0,1
1780,Nigeria,3/19/20,8,7,0,1
1781,Nigeria,3/2/20,1,1,0,0
1782,Nigeria,3/3/20,1,1,0,0
1783,Nigeria,3/4/20,1,1,0,0
1784,Nigeria,3/5/20,1,1,0,0
1785,Nigeria,3/6/20,1,1,0,0
1786,Nigeria,3/7/20,1,1,0,0
1787,Nigeria,3/8/20,1,1,0,0
1788,Nigeria,3/9/20,2,2,0,0
1789,Northern Cyprus,3/10/20,3,3,0,0
1790,Northern Cyprus,3/11/20,6,6,0,0
1791,Northern Cyprus,3/12/20,6,6,0,0
1792,Northern Cyprus,3/13/20,14,14,0,0
1793,Northern Cyprus,3/14/20,26,26,0,0
1794,Northern Cyprus,3/15/20,26,26,0,0
1795,Northern Cyprus,3/16/20,33,33,0,0
1796,Northern Cyprus,3/17/20,46,46,0,0
1797,Northern Cyprus,3/18/20,49,49,0,0
1798,Northern Cyprus,3/19/20,67,67,0,0
1799,Northern Cyprus,3/9/20,2,2,0,0
1800,Norway,2/26/20,1,1,0,0
1801,Norway,2/27/20,1,1,0,0
1802,Norway,2/28/20,6,6,0,0
1803,Norway,2/29/20,15,15,0,0
1804,Norway,3/1/20,19,19,0,0
1805,Norway,3/10/20,400,399,0,1
1806,Norway,3/11/20,598,597,0,1
1807,Norway,3/12/20,702,701,0,1
1808,Norway,3/13/20,996,995,0,1
1809,Norway,3/14/20,1090,1086,3,1
1810,Norway,3/15/20,1221,1217,3,1
1811,Norway,3/16/20,1333,1329,3,1
1812,Norway,3/17/20,1463,1459,3,1
1813,Norway,3/18/20,1550,1543,6,1
1814,Norway,3/19/20,1746,1738,7,1
1815,Norway,3/2/20,25,25,0,0
1816,Norway,3/3/20,32,32,0,0
1817,Norway,3/4/20,56,56,0,0
1818,Norway,3/5/20,87,87,0,0
1819,Norway,3/6/20,108,108,0,0
1820,Norway,3/7/20,147,147,0,0
1821,Norway,3/8/20,176,176,0,0
1822,Norway,3/9/20,205,204,0,1
1823,Oman,2/24/20,2,2,0,0
1824,Oman,2/25/20,2,2,0,0
1825,Oman,2/26/20,4,4,0,0
1826,Oman,2/27/20,4,4,0,0
1827,Oman,2/28/20,4,4,0,0
1828,Oman,2/29/20,6,5,0,1
1829,Oman,3/1/20,6,5,0,1
1830,Oman,3/10/20,18,9,0,9
1831,Oman,3/11/20,18,9,0,9
1832,Oman,3/12/20,18,9,0,9
1833,Oman,3/13/20,19,10,0,9
1834,Oman,3/14/20,19,10,0,9
1835,Oman,3/15/20,22,13,0,9
1836,Oman,3/16/20,22,13,0,9
1837,Oman,3/17/20,24,15,0,9
1838,Oman,3/18/20,39,27,0,12
1839,Oman,3/19/20,48,36,0,12
1840,Oman,3/2/20,6,5,0,1
1841,Oman,3/3/20,12,10,0,2
1842,Oman,3/4/20,15,13,0,2
1843,Oman,3/5/20,16,14,0,2
1844,Oman,3/6/20,16,14,0,2
1845,Oman,3/7/20,16,14,0,2
1846,Oman,3/8/20,16,14,0,2
1847,Oman,3/9/20,16,14,0,2
1848,Pakistan,2/26/20,2,2,0,0
1849,Pakistan,2/27/20,2,2,0,0
1850,Pakistan,2/28/20,2,2,0,0
1851,Pakistan,2/29/20,4,4,0,0
1852,Pakistan,3/1/20,4,4,0,0
1853,Pakistan,3/10/20,16,15,0,1
1854,Pakistan,3/11/20,19,17,0,2
1855,Pakistan,3/12/20,20,18,0,2
1856,Pakistan,3/13/20,28,26,0,2
1857,Pakistan,3/14/20,31,29,0,2
1858,Pakistan,3/15/20,53,51,0,2
1859,Pakistan,3/16/20,136,134,0,2
1860,Pakistan,3/17/20,236,234,0,2
1861,Pakistan,3/18/20,299,297,0,2
1862,Pakistan,3/19/20,454,439,2,13
1863,Pakistan,3/2/20,4,4,0,0
1864,Pakistan,3/3/20,5,5,0,0
1865,Pakistan,3/4/20,5,5,0,0
1866,Pakistan,3/5/20,5,5,0,0
1867,Pakistan,3/6/20,6,6,0,0
1868,Pakistan,3/7/20,6,6,0,0
1869,Pakistan,3/8/20,6,5,0,1
1870,Pakistan,3/9/20,6,5,0,1
1871,Panama,3/10/20,1,1,0,0
1872,Panama,3/11/20,8,7,1,0
1873,Panama,3/12/20,11,10,1,0
1874,Panama,3/13/20,27,26,1,0
1875,Panama,3/14/20,36,35,1,0
1876,Panama,3/15/20,43,42,1,0
1877,Panama,3/16/20,55,54,1,0
1878,Panama,3/17/20,69,68,1,0
1879,Panama,3/18/20,86,85,1,0
1880,Panama,3/19/20,109,108,1,0
1881,Paraguay,3/10/20,1,1,0,0
1882,Paraguay,3/11/20,5,5,0,0
1883,Paraguay,3/12/20,5,5,0,0
1884,Paraguay,3/13/20,6,6,0,0
1885,Paraguay,3/14/20,6,6,0,0
1886,Paraguay,3/15/20,6,6,0,0
1887,Paraguay,3/16/20,8,8,0,0
1888,Paraguay,3/17/20,9,9,0,0
1889,Paraguay,3/18/20,11,11,0,0
1890,Paraguay,3/19/20,11,11,0,0
1891,Paraguay,3/8/20,1,1,0,0
1892,Paraguay,3/9/20,1,1,0,0
1893,Peru,3/10/20,11,11,0,0
1894,Peru,3/11/20,11,11,0,0
1895,Peru,3/12/20,15,15,0,0
1896,Peru,3/13/20,28,28,0,0
1897,Peru,3/14/20,38,38,0,0
1898,Peru,3/15/20,43,43,0,0
1899,Peru,3/16/20,86,86,0,0
1900,Peru,3/17/20,117,116,0,1
1901,Peru,3/18/20,145,144,0,1
1902,Peru,3/19/20,234,233,0,1
1903,Peru,3/6/20,1,1,0,0
1904,Peru,3/7/20,1,1,0,0
1905,Peru,3/8/20,6,6,0,0
1906,Peru,3/9/20,7,7,0,0
1907,Poland,3/10/20,22,22,0,0
1908,Poland,3/11/20,31,31,0,0
1909,Poland,3/12/20,49,48,1,0
1910,Poland,3/13/20,68,66,2,0
1911,Poland,3/14/20,103,100,3,0
1912,Poland,3/15/20,119,116,3,0
1913,Poland,3/16/20,177,160,4,13
1914,Poland,3/17/20,238,220,5,13
1915,Poland,3/18/20,251,233,5,13
1916,Poland,3/19/20,355,349,5,1
1917,Poland,3/4/20,1,1,0,0
1918,Poland,3/5/20,1,1,0,0
1919,Poland,3/6/20,5,5,0,0
1920,Poland,3/7/20,5,5,0,0
1921,Poland,3/8/20,11,11,0,0
1922,Poland,3/9/20,16,16,0,0
1923,Portugal,3/10/20,41,41,0,0
1924,Portugal,3/11/20,59,59,0,0
1925,Portugal,3/12/20,59,59,0,0
1926,Portugal,3/13/20,112,111,0,1
1927,Portugal,3/14/20,169,167,0,2
1928,Portugal,3/15/20,245,243,0,2
1929,Portugal,3/16/20,331,328,0,3
1930,Portugal,3/17/20,448,444,1,3
1931,Portugal,3/18/20,448,443,2,3
1932,Portugal,3/19/20,785,779,3,3
1933,Portugal,3/2/20,2,2,0,0
1934,Portugal,3/3/20,2,2,0,0
1935,Portugal,3/4/20,5,5,0,0
1936,Portugal,3/5/20,8,8,0,0
1937,Portugal,3/6/20,13,13,0,0
1938,Portugal,3/7/20,20,20,0,0
1939,Portugal,3/8/20,30,30,0,0
1940,Portugal,3/9/20,30,30,0,0
1941,Puerto Rico,3/14/20,3,3,0,0
1942,Puerto Rico,3/15/20,5,5,0,0
1943,Puerto Rico,3/16/20,5,5,0,0
1944,Puerto Rico,3/17/20,5,5,0,0
1945,Puerto Rico,3/18/20,5,5,0,0
1946,Puerto Rico,3/19/20,5,5,0,0
1947,Qatar,2/29/20,1,1,0,0
1948,Qatar,3/1/20,3,3,0,0
1949,Qatar,3/10/20,24,24,0,0
1950,Qatar,3/11/20,262,262,0,0
1951,Qatar,3/12/20,262,262,0,0
1952,Qatar,3/13/20,320,320,0,0
1953,Qatar,3/14/20,337,333,0,4
1954,Qatar,3/15/20,401,397,0,4
1955,Qatar,3/16/20,439,435,0,4
1956,Qatar,3/17/20,439,435,0,4
1957,Qatar,3/18/20,452,448,0,4
1958,Qatar,3/19/20,460,456,0,4
1959,Qatar,3/2/20,3,3,0,0
1960,Qatar,3/3/20,7,7,0,0
1961,Qatar,3/4/20,8,8,0,0
1962,Qatar,3/5/20,8,8,0,0
1963,Qatar,3/6/20,8,8,0,0
1964,Qatar,3/7/20,8,8,0,0
1965,Qatar,3/8/20,15,15,0,0
1966,Qatar,3/9/20,18,18,0,0
1967,Republic of Serbia,3/10/20,5,5,0,0
1968,Republic of Serbia,3/11/20,12,12,0,0
1969,Republic of Serbia,3/12/20,19,19,0,0
1970,Republic of Serbia,3/13/20,35,35,0,0
1971,Republic of Serbia,3/14/20,46,46,0,0
1972,Republic of Serbia,3/15/20,48,48,0,0
1973,Republic of Serbia,3/16/20,55,54,0,1
1974,Republic of Serbia,3/17/20,65,64,0,1
1975,Republic of Serbia,3/18/20,83,82,0,1
1976,Republic of Serbia,3/19/20,103,102,0,1
1977,Republic of Serbia,3/6/20,1,1,0,0
1978,Republic of Serbia,3/7/20,1,1,0,0
1979,Republic of Serbia,3/8/20,1,1,0,0
1980,Republic of Serbia,3/9/20,1,1,0,0
1981,Romania,2/26/20,1,1,0,0
1982,Romania,2/27/20,1,1,0,0
1983,Romania,2/28/20,3,3,0,0
1984,Romania,2/29/20,3,3,0,0
1985,Romania,3/1/20,3,3,0,0
1986,Romania,3/10/20,25,22,0,3
1987,Romania,3/11/20,45,39,0,6
1988,Romania,3/12/20,49,43,0,6
1989,Romania,3/13/20,89,82,0,7
1990,Romania,3/14/20,123,114,0,9
1991,Romania,3/15/20,131,122,0,9
1992,Romania,3/16/20,158,149,0,9
1993,Romania,3/17/20,184,168,0,16
1994,Romania,3/18/20,260,241,0,19
1995,Romania,3/19/20,277,252,0,25
1996,Romania,3/2/20,3,3,0,0
1997,Romania,3/3/20,3,3,0,0
1998,Romania,3/4/20,4,3,0,1
1999,Romania,3/5/20,6,5,0,1
2000,Romania,3/6/20,9,8,0,1
2001,Romania,3/7/20,9,6,0,3
2002,Romania,3/8/20,15,12,0,3
2003,Romania,3/9/20,15,12,0,3
2004,Russia,1/31/20,2,2,0,0
2005,Russia,2/1/20,2,2,0,0
2006,Russia,2/10/20,2,2,0,0
2007,Russia,2/11/20,2,2,0,0
2008,Russia,2/12/20,2,0,0,2
2009,Russia,2/13/20,2,0,0,2
2010,Russia,2/14/20,2,0,0,2
2011,Russia,2/15/20,2,0,0,2
2012,Russia,2/16/20,2,0,0,2
2013,Russia,2/17/20,2,0,0,2
2014,Russia,2/18/20,2,0,0,2
2015,Russia,2/19/20,2,0,0,2
2016,Russia,2/2/20,2,2,0,0
2017,Russia,2/20/20,2,0,0,2
2018,Russia,2/21/20,2,0,0,2
2019,Russia,2/22/20,2,0,0,2
2020,Russia,2/23/20,2,0,0,2
2021,Russia,2/24/20,2,0,0,2
2022,Russia,2/25/20,2,0,0,2
2023,Russia,2/26/20,2,0,0,2
2024,Russia,2/27/20,2,0,0,2
2025,Russia,2/28/20,2,0,0,2
2026,Russia,2/29/20,2,0,0,2
2027,Russia,2/3/20,2,2,0,0
2028,Russia,2/4/20,2,2,0,0
2029,Russia,2/5/20,2,2,0,0
2030,Russia,2/6/20,2,2,0,0
2031,Russia,2/7/20,2,2,0,0
2032,Russia,2/8/20,2,2,0,0
2033,Russia,2/9/20,2,2,0,0
2034,Russia,3/1/20,2,0,0,2
2035,Russia,3/10/20,20,17,0,3
2036,Russia,3/11/20,20,17,0,3
2037,Russia,3/12/20,28,25,0,3
2038,Russia,3/13/20,45,42,0,3
2039,Russia,3/14/20,59,51,0,8
2040,Russia,3/15/20,63,55,0,8
2041,Russia,3/16/20,90,82,0,8
2042,Russia,3/17/20,114,106,0,8
2043,Russia,3/18/20,147,139,0,8
2044,Russia,3/19/20,199,189,1,9
2045,Russia,3/2/20,3,1,0,2
2046,Russia,3/3/20,3,1,0,2
2047,Russia,3/4/20,3,1,0,2
2048,Russia,3/5/20,4,2,0,2
2049,Russia,3/6/20,13,11,0,2
2050,Russia,3/7/20,13,11,0,2
2051,Russia,3/8/20,17,14,0,3
2052,Russia,3/9/20,17,14,0,3
2053,Rwanda,3/14/20,1,1,0,0
2054,Rwanda,3/15/20,1,1,0,0
2055,Rwanda,3/16/20,5,5,0,0
2056,Rwanda,3/17/20,7,7,0,0
2057,Rwanda,3/18/20,8,8,0,0
2058,Rwanda,3/19/20,8,8,0,0
2059,Saudi Arabia,3/10/20,20,19,0,1
2060,Saudi Arabia,3/11/20,21,20,0,1
2061,Saudi Arabia,3/12/20,45,44,0,1
2062,Saudi Arabia,3/13/20,86,85,0,1
2063,Saudi Arabia,3/14/20,103,102,0,1
2064,Saudi Arabia,3/15/20,103,102,0,1
2065,Saudi Arabia,3/16/20,118,116,0,2
2066,Saudi Arabia,3/17/20,171,165,0,6
2067,Saudi Arabia,3/18/20,171,165,0,6
2068,Saudi Arabia,3/19/20,274,268,0,6
2069,Saudi Arabia,3/2/20,1,1,0,0
2070,Saudi Arabia,3/3/20,1,1,0,0
2071,Saudi Arabia,3/4/20,1,1,0,0
2072,Saudi Arabia,3/5/20,5,5,0,0
2073,Saudi Arabia,3/6/20,5,5,0,0
2074,Saudi Arabia,3/7/20,5,5,0,0
2075,Saudi Arabia,3/8/20,11,11,0,0
2076,Saudi Arabia,3/9/20,15,15,0,0
2077,Senegal,3/10/20,4,3,0,1
2078,Senegal,3/11/20,4,3,0,1
2079,Senegal,3/12/20,4,3,0,1
2080,Senegal,3/13/20,10,9,0,1
2081,Senegal,3/14/20,10,9,0,1
2082,Senegal,3/15/20,24,23,0,1
2083,Senegal,3/16/20,24,22,0,2
2084,Senegal,3/17/20,26,24,0,2
2085,Senegal,3/18/20,31,29,0,2
2086,Senegal,3/19/20,31,29,0,2
2087,Senegal,3/2/20,1,1,0,0
2088,Senegal,3/3/20,2,2,0,0
2089,Senegal,3/4/20,4,4,0,0
2090,Senegal,3/5/20,4,4,0,0
2091,Senegal,3/6/20,4,4,0,0
2092,Senegal,3/7/20,4,4,0,0
2093,Senegal,3/8/20,4,3,0,1
2094,Senegal,3/9/20,4,3,0,1
2095,Slovakia,3/10/20,7,7,0,0
2096,Slovakia,3/11/20,10,10,0,0
2097,Slovakia,3/12/20,16,16,0,0
2098,Slovakia,3/13/20,32,32,0,0
2099,Slovakia,3/14/20,44,44,0,0
2100,Slovakia,3/15/20,54,54,0,0
2101,Slovakia,3/16/20,63,63,0,0
2102,Slovakia,3/17/20,72,72,0,0
2103,Slovakia,3/18/20,105,104,1,0
2104,Slovakia,3/19/20,123,122,1,0
2105,Slovakia,3/6/20,1,1,0,0
2106,Slovakia,3/7/20,1,1,0,0
2107,Slovakia,3/8/20,3,3,0,0
2108,Slovakia,3/9/20,3,3,0,0
2109,Slovenia,3/10/20,31,31,0,0
2110,Slovenia,3/11/20,57,57,0,0
2111,Slovenia,3/12/20,89,89,0,0
2112,Slovenia,3/13/20,141,141,0,0
2113,Slovenia,3/14/20,181,180,1,0
2114,Slovenia,3/15/20,219,218,1,0
2115,Slovenia,3/16/20,253,252,1,0
2116,Slovenia,3/17/20,275,274,1,0
2117,Slovenia,3/18/20,275,274,1,0
2118,Slovenia,3/19/20,286,285,1,0
2119,Slovenia,3/5/20,2,2,0,0
2120,Slovenia,3/6/20,7,7,0,0
2121,Slovenia,3/7/20,7,7,0,0
2122,Slovenia,3/8/20,16,16,0,0
2123,Slovenia,3/9/20,16,16,0,0
2124,Somalia,3/16/20,1,1,0,0
2125,Somalia,3/17/20,1,1,0,0
2126,Somalia,3/18/20,1,1,0,0
2127,Somalia,3/19/20,1,1,0,0
2128,South Africa,3/10/20,7,7,0,0
2129,South Africa,3/11/20,13,13,0,0
2130,South Africa,3/12/20,17,17,0,0
2131,South Africa,3/13/20,24,24,0,0
2132,South Africa,3/14/20,38,38,0,0
2133,South Africa,3/15/20,51,51,0,0
2134,South Africa,3/16/20,62,62,0,0
2135,South Africa,3/17/20,62,62,0,0
2136,South Africa,3/18/20,116,116,0,0
2137,South Africa,3/19/20,150,150,0,0
2138,South Africa,3/5/20,1,1,0,0
2139,South Africa,3/6/20,1,1,0,0
2140,South Africa,3/7/20,1,1,0,0
2141,South Africa,3/8/20,3,3,0,0
2142,South Africa,3/9/20,3,3,0,0
2143,South Korea,1/22/20,1,1,0,0
2144,South Korea,1/23/20,1,1,0,0
2145,South Korea,1/24/20,2,2,0,0
2146,South Korea,1/25/20,2,2,0,0
2147,South Korea,1/26/20,3,3,0,0
2148,South Korea,1/27/20,4,4,0,0
2149,South Korea,1/28/20,4,4,0,0
2150,South Korea,1/29/20,4,4,0,0
2151,South Korea,1/30/20,4,4,0,0
2152,South Korea,1/31/20,11,11,0,0
2153,South Korea,2/1/20,12,12,0,0
2154,South Korea,2/10/20,27,24,0,3
2155,South Korea,2/11/20,28,25,0,3
2156,South Korea,2/12/20,28,21,0,7
2157,South Korea,2/13/20,28,21,0,7
2158,South Korea,2/14/20,28,21,0,7
2159,South Korea,2/15/20,28,19,0,9
2160,South Korea,2/16/20,29,20,0,9
2161,South Korea,2/17/20,30,20,0,10
2162,South Korea,2/18/20,31,19,0,12
2163,South Korea,2/19/20,31,19,0,12
2164,South Korea,2/2/20,15,15,0,0
2165,South Korea,2/20/20,104,87,1,16
2166,South Korea,2/21/20,204,186,2,16
2167,South Korea,2/22/20,433,415,2,16
2168,South Korea,2/23/20,602,578,6,18
2169,South Korea,2/24/20,833,807,8,18
2170,South Korea,2/25/20,977,945,10,22
2171,South Korea,2/26/20,1261,1227,12,22
2172,South Korea,2/27/20,1766,1731,13,22
2173,South Korea,2/28/20,2337,2302,13,22
2174,South Korea,2/29/20,3150,3107,16,27
2175,South Korea,2/3/20,15,15,0,0
2176,South Korea,2/4/20,16,16,0,0
2177,South Korea,2/5/20,19,19,0,0
2178,South Korea,2/6/20,23,23,0,0
2179,South Korea,2/7/20,24,23,0,1
2180,South Korea,2/8/20,24,23,0,1
2181,South Korea,2/9/20,25,22,0,3
2182,South Korea,3/1/20,3736,3689,17,30
2183,South Korea,3/10/20,7513,7212,54,247
2184,South Korea,3/11/20,7755,7407,60,288
2185,South Korea,3/12/20,7869,7470,66,333
2186,South Korea,3/13/20,7979,7403,66,510
2187,South Korea,3/14/20,8086,7504,72,510
2188,South Korea,3/15/20,8162,7577,75,510
2189,South Korea,3/16/20,8236,7024,75,1137
2190,South Korea,3/17/20,8320,6832,81,1407
2191,South Korea,3/18/20,8413,6789,84,1540
2192,South Korea,3/19/20,8565,6934,91,1540
2193,South Korea,3/2/20,4335,4277,28,30
2194,South Korea,3/3/20,5186,5128,28,30
2195,South Korea,3/4/20,5621,5545,35,41
2196,South Korea,3/5/20,6088,6012,35,41
2197,South Korea,3/6/20,6593,6416,42,135
2198,South Korea,3/7/20,7041,6862,44,135
2199,South Korea,3/8/20,7314,7146,50,118
2200,South Korea,3/9/20,7478,7307,53,118
2201,Spain,2/1/20,1,1,0,0
2202,Spain,2/10/20,2,2,0,0
2203,Spain,2/11/20,2,2,0,0
2204,Spain,2/12/20,2,2,0,0
2205,Spain,2/13/20,2,2,0,0
2206,Spain,2/14/20,2,2,0,0
2207,Spain,2/15/20,2,0,0,2
2208,Spain,2/16/20,2,0,0,2
2209,Spain,2/17/20,2,0,0,2
2210,Spain,2/18/20,2,0,0,2
2211,Spain,2/19/20,2,0,0,2
2212,Spain,2/2/20,1,1,0,0
2213,Spain,2/20/20,2,0,0,2
2214,Spain,2/21/20,2,0,0,2
2215,Spain,2/22/20,2,0,0,2
2216,Spain,2/23/20,2,0,0,2
2217,Spain,2/24/20,2,0,0,2
2218,Spain,2/25/20,6,4,0,2
2219,Spain,2/26/20,13,11,0,2
2220,Spain,2/27/20,15,13,0,2
2221,Spain,2/28/20,32,30,0,2
2222,Spain,2/29/20,45,43,0,2
2223,Spain,2/3/20,1,1,0,0
2224,Spain,2/4/20,1,1,0,0
2225,Spain,2/5/20,1,1,0,0
2226,Spain,2/6/20,1,1,0,0
2227,Spain,2/7/20,1,1,0,0
2228,Spain,2/8/20,1,1,0,0
2229,Spain,2/9/20,2,2,0,0
2230,Spain,3/1/20,84,82,0,2
2231,Spain,3/10/20,1696,1628,35,33
2232,Spain,3/11/20,2278,2040,54,184
2233,Spain,3/12/20,2278,2039,55,184
2234,Spain,3/13/20,5233,4906,133,194
2235,Spain,3/14/20,6392,5679,195,518
2236,Spain,3/15/20,7799,6992,289,518
2237,Spain,3/16/20,9943,9070,342,531
2238,Spain,3/17/20,11751,10189,533,1029
2239,Spain,3/18/20,13918,12212,623,1083
2240,Spain,3/19/20,17973,16034,830,1109
2241,Spain,3/2/20,120,118,0,2
2242,Spain,3/3/20,165,162,1,2
2243,Spain,3/4/20,223,219,2,2
2244,Spain,3/5/20,260,255,3,2
2245,Spain,3/6/20,401,394,5,2
2246,Spain,3/7/20,501,461,10,30
2247,Spain,3/8/20,674,627,17,30
2248,Spain,3/9/20,1074,1014,28,32
2249,Sri Lanka,1/27/20,1,1,0,0
2250,Sri Lanka,1/28/20,1,1,0,0
2251,Sri Lanka,1/29/20,1,1,0,0
2252,Sri Lanka,1/30/20,1,1,0,0
2253,Sri Lanka,1/31/20,1,1,0,0
2254,Sri Lanka,2/1/20,1,1,0,0
2255,Sri Lanka,2/10/20,1,0,0,1
2256,Sri Lanka,2/11/20,1,0,0,1
2257,Sri Lanka,2/12/20,1,0,0,1
2258,Sri Lanka,2/13/20,1,0,0,1
2259,Sri Lanka,2/14/20,1,0,0,1
2260,Sri Lanka,2/15/20,1,0,0,1
2261,Sri Lanka,2/16/20,1,0,0,1
2262,Sri Lanka,2/17/20,1,0,0,1
2263,Sri Lanka,2/18/20,1,0,0,1
2264,Sri Lanka,2/19/20,1,0,0,1
2265,Sri Lanka,2/2/20,1,1,0,0
2266,Sri Lanka,2/20/20,1,0,0,1
2267,Sri Lanka,2/21/20,1,0,0,1
2268,Sri Lanka,2/22/20,1,0,0,1
2269,Sri Lanka,2/23/20,1,0,0,1
2270,Sri Lanka,2/24/20,1,0,0,1
2271,Sri Lanka,2/25/20,1,0,0,1
2272,Sri Lanka,2/26/20,1,0,0,1
2273,Sri Lanka,2/27/20,1,0,0,1
2274,Sri Lanka,2/28/20,1,0,0,1
2275,Sri Lanka,2/29/20,1,0,0,1
2276,Sri Lanka,2/3/20,1,1,0,0
2277,Sri Lanka,2/4/20,1,1,0,0
2278,Sri Lanka,2/5/20,1,1,0,0
2279,Sri Lanka,2/6/20,1,1,0,0
2280,Sri Lanka,2/7/20,1,1,0,0
2281,Sri Lanka,2/8/20,1,0,0,1
2282,Sri Lanka,2/9/20,1,0,0,1
2283,Sri Lanka,3/1/20,1,0,0,1
2284,Sri Lanka,3/10/20,1,0,0,1
2285,Sri Lanka,3/11/20,2,1,0,1
2286,Sri Lanka,3/12/20,2,1,0,1
2287,Sri Lanka,3/13/20,6,5,0,1
2288,Sri Lanka,3/14/20,10,9,0,1
2289,Sri Lanka,3/15/20,18,17,0,1
2290,Sri Lanka,3/16/20,28,27,0,1
2291,Sri Lanka,3/17/20,44,43,0,1
2292,Sri Lanka,3/18/20,51,50,0,1
2293,Sri Lanka,3/19/20,60,57,0,3
2294,Sri Lanka,3/2/20,1,0,0,1
2295,Sri Lanka,3/3/20,1,0,0,1
2296,Sri Lanka,3/4/20,1,0,0,1
2297,Sri Lanka,3/5/20,1,0,0,1
2298,Sri Lanka,3/6/20,1,0,0,1
2299,Sri Lanka,3/7/20,1,0,0,1
2300,Sri Lanka,3/8/20,1,0,0,1
2301,Sri Lanka,3/9/20,1,0,0,1
2302,Sudan,3/13/20,1,0,1,0
2303,Sudan,3/14/20,1,0,1,0
2304,Sudan,3/15/20,1,0,1,0
2305,Sudan,3/16/20,1,0,1,0
2306,Sudan,3/17/20,1,0,1,0
2307,Sudan,3/18/20,2,1,1,0
2308,Sudan,3/19/20,2,1,1,0
2309,Suriname,3/14/20,1,1,0,0
2310,Suriname,3/15/20,1,1,0,0
2311,Suriname,3/16/20,1,1,0,0
2312,Suriname,3/17/20,1,1,0,0
2313,Suriname,3/18/20,1,1,0,0
2314,Suriname,3/19/20,1,1,0,0
2315,Sweden,1/31/20,1,1,0,0
2316,Sweden,2/1/20,1,1,0,0
2317,Sweden,2/10/20,1,1,0,0
2318,Sweden,2/11/20,1,1,0,0
2319,Sweden,2/12/20,1,1,0,0
2320,Sweden,2/13/20,1,1,0,0
2321,Sweden,2/14/20,1,1,0,0
2322,Sweden,2/15/20,1,1,0,0
2323,Sweden,2/16/20,1,1,0,0
2324,Sweden,2/17/20,1,1,0,0
2325,Sweden,2/18/20,1,1,0,0
2326,Sweden,2/19/20,1,1,0,0
2327,Sweden,2/2/20,1,1,0,0
2328,Sweden,2/20/20,1,1,0,0
2329,Sweden,2/21/20,1,1,0,0
2330,Sweden,2/22/20,1,1,0,0
2331,Sweden,2/23/20,1,1,0,0
2332,Sweden,2/24/20,1,1,0,0
2333,Sweden,2/25/20,1,1,0,0
2334,Sweden,2/26/20,2,2,0,0
2335,Sweden,2/27/20,7,7,0,0
2336,Sweden,2/28/20,7,7,0,0
2337,Sweden,2/29/20,12,12,0,0
2338,Sweden,2/3/20,1,1,0,0
2339,Sweden,2/4/20,1,1,0,0
2340,Sweden,2/5/20,1,1,0,0
2341,Sweden,2/6/20,1,1,0,0
2342,Sweden,2/7/20,1,1,0,0
2343,Sweden,2/8/20,1,1,0,0
2344,Sweden,2/9/20,1,1,0,0
2345,Sweden,3/1/20,14,14,0,0
2346,Sweden,3/10/20,355,354,0,1
2347,Sweden,3/11/20,500,498,1,1
2348,Sweden,3/12/20,599,597,1,1
2349,Sweden,3/13/20,814,812,1,1
2350,Sweden,3/14/20,961,958,2,1
2351,Sweden,3/15/20,1022,1018,3,1
2352,Sweden,3/16/20,1103,1096,6,1
2353,Sweden,3/17/20,1190,1182,7,1
2354,Sweden,3/18/20,1279,1268,10,1
2355,Sweden,3/19/20,1439,1412,11,16
2356,Sweden,3/2/20,15,15,0,0
2357,Sweden,3/3/20,21,21,0,0
2358,Sweden,3/4/20,35,35,0,0
2359,Sweden,3/5/20,94,94,0,0
2360,Sweden,3/6/20,101,101,0,0
2361,Sweden,3/7/20,161,161,0,0
2362,Sweden,3/8/20,203,203,0,0
2363,Sweden,3/9/20,248,247,0,1
2364,Switzerland,2/25/20,1,1,0,0
2365,Switzerland,2/26/20,1,1,0,0
2366,Switzerland,2/27/20,8,8,0,0
2367,Switzerland,2/28/20,8,8,0,0
2368,Switzerland,2/29/20,18,18,0,0
2369,Switzerland,3/1/20,27,27,0,0
2370,Switzerland,3/10/20,491,485,3,3
2371,Switzerland,3/11/20,652,644,4,4
2372,Switzerland,3/12/20,652,644,4,4
2373,Switzerland,3/13/20,1139,1124,11,4
2374,Switzerland,3/14/20,1359,1342,13,4
2375,Switzerland,3/15/20,2200,2182,14,4
2376,Switzerland,3/16/20,2200,2182,14,4
2377,Switzerland,3/17/20,2700,2669,27,4
2378,Switzerland,3/18/20,3028,2985,28,15
2379,Switzerland,3/19/20,4075,4019,41,15
2380,Switzerland,3/2/20,42,42,0,0
2381,Switzerland,3/3/20,56,54,0,2
2382,Switzerland,3/4/20,90,87,0,3
2383,Switzerland,3/5/20,114,110,1,3
2384,Switzerland,3/6/20,214,210,1,3
2385,Switzerland,3/7/20,268,264,1,3
2386,Switzerland,3/8/20,337,332,2,3
2387,Switzerland,3/9/20,374,369,2,3
2388,Taiwan,1/22/20,1,1,0,0
2389,Taiwan,1/23/20,1,1,0,0
2390,Taiwan,1/24/20,3,3,0,0
2391,Taiwan,1/25/20,3,3,0,0
2392,Taiwan,1/26/20,4,4,0,0
2393,Taiwan,1/27/20,5,5,0,0
2394,Taiwan,1/28/20,8,8,0,0
2395,Taiwan,1/29/20,8,8,0,0
2396,Taiwan,1/30/20,9,9,0,0
2397,Taiwan,1/31/20,10,10,0,0
2398,Taiwan,2/1/20,10,10,0,0
2399,Taiwan,2/10/20,18,17,0,1
2400,Taiwan,2/11/20,18,17,0,1
2401,Taiwan,2/12/20,18,17,0,1
2402,Taiwan,2/13/20,18,17,0,1
2403,Taiwan,2/14/20,18,16,0,2
2404,Taiwan,2/15/20,18,16,0,2
2405,Taiwan,2/16/20,20,17,1,2
2406,Taiwan,2/17/20,22,19,1,2
2407,Taiwan,2/18/20,22,19,1,2
2408,Taiwan,2/19/20,23,20,1,2
2409,Taiwan,2/2/20,10,10,0,0
2410,Taiwan,2/20/20,24,21,1,2
2411,Taiwan,2/21/20,26,23,1,2
2412,Taiwan,2/22/20,26,23,1,2
2413,Taiwan,2/23/20,28,25,1,2
2414,Taiwan,2/24/20,30,24,1,5
2415,Taiwan,2/25/20,31,25,1,5
2416,Taiwan,2/26/20,32,26,1,5
2417,Taiwan,2/27/20,32,26,1,5
2418,Taiwan,2/28/20,34,27,1,6
2419,Taiwan,2/29/20,39,29,1,9
2420,Taiwan,2/3/20,10,10,0,0
2421,Taiwan,2/4/20,11,11,0,0
2422,Taiwan,2/5/20,11,11,0,0
2423,Taiwan,2/6/20,16,15,0,1
2424,Taiwan,2/7/20,16,15,0,1
2425,Taiwan,2/8/20,17,16,0,1
2426,Taiwan,2/9/20,18,17,0,1
2427,Taiwan,3/1/20,40,30,1,9
2428,Taiwan,3/10/20,47,29,1,17
2429,Taiwan,3/11/20,48,30,1,17
2430,Taiwan,3/12/20,49,28,1,20
2431,Taiwan,3/13/20,50,29,1,20
2432,Taiwan,3/14/20,53,32,1,20
2433,Taiwan,3/15/20,59,38,1,20
2434,Taiwan,3/16/20,67,46,1,20
2435,Taiwan,3/17/20,77,54,1,22
2436,Taiwan,3/18/20,100,77,1,22
2437,Taiwan,3/19/20,108,81,1,26
2438,Taiwan,3/2/20,41,28,1,12
2439,Taiwan,3/3/20,42,29,1,12
2440,Taiwan,3/4/20,42,29,1,12
2441,Taiwan,3/5/20,44,31,1,12
2442,Taiwan,3/6/20,45,32,1,12
2443,Taiwan,3/7/20,45,32,1,12
2444,Taiwan,3/8/20,45,31,1,13
2445,Taiwan,3/9/20,45,29,1,15
2446,Thailand,1/22/20,2,2,0,0
2447,Thailand,1/23/20,3,3,0,0
2448,Thailand,1/24/20,5,5,0,0
2449,Thailand,1/25/20,7,7,0,0
2450,Thailand,1/26/20,8,6,0,2
2451,Thailand,1/27/20,8,6,0,2
2452,Thailand,1/28/20,14,9,0,5
2453,Thailand,1/29/20,14,9,0,5
2454,Thailand,1/30/20,14,9,0,5
2455,Thailand,1/31/20,19,14,0,5
2456,Thailand,2/1/20,19,14,0,5
2457,Thailand,2/10/20,32,22,0,10
2458,Thailand,2/11/20,33,23,0,10
2459,Thailand,2/12/20,33,23,0,10
2460,Thailand,2/13/20,33,21,0,12
2461,Thailand,2/14/20,33,21,0,12
2462,Thailand,2/15/20,33,21,0,12
2463,Thailand,2/16/20,34,20,0,14
2464,Thailand,2/17/20,35,20,0,15
2465,Thailand,2/18/20,35,20,0,15
2466,Thailand,2/19/20,35,20,0,15
2467,Thailand,2/2/20,19,14,0,5
2468,Thailand,2/20/20,35,20,0,15
2469,Thailand,2/21/20,35,18,0,17
2470,Thailand,2/22/20,35,18,0,17
2471,Thailand,2/23/20,35,14,0,21
2472,Thailand,2/24/20,35,14,0,21
2473,Thailand,2/25/20,37,15,0,22
2474,Thailand,2/26/20,40,18,0,22
2475,Thailand,2/27/20,40,18,0,22
2476,Thailand,2/28/20,41,13,0,28
2477,Thailand,2/29/20,42,14,0,28
2478,Thailand,2/3/20,19,14,0,5
2479,Thailand,2/4/20,25,20,0,5
2480,Thailand,2/5/20,25,20,0,5
2481,Thailand,2/6/20,25,20,0,5
2482,Thailand,2/7/20,25,20,0,5
2483,Thailand,2/8/20,32,22,0,10
2484,Thailand,2/9/20,32,22,0,10
2485,Thailand,3/1/20,42,13,1,28
2486,Thailand,3/10/20,53,19,1,33
2487,Thailand,3/11/20,59,24,1,34
2488,Thailand,3/12/20,70,35,1,34
2489,Thailand,3/13/20,75,39,1,35
2490,Thailand,3/14/20,82,46,1,35
2491,Thailand,3/15/20,114,78,1,35
2492,Thailand,3/16/20,147,111,1,35
2493,Thailand,3/17/20,177,135,1,41
2494,Thailand,3/18/20,212,169,1,42
2495,Thailand,3/19/20,272,229,1,42
2496,Thailand,3/2/20,43,11,1,31
2497,Thailand,3/3/20,43,11,1,31
2498,Thailand,3/4/20,43,11,1,31
2499,Thailand,3/5/20,47,15,1,31
2500,Thailand,3/6/20,48,16,1,31
2501,Thailand,3/7/20,50,18,1,31
2502,Thailand,3/8/20,50,18,1,31
2503,Thailand,3/9/20,50,18,1,31
2504,Togo,3/10/20,1,1,0,0
2505,Togo,3/11/20,1,1,0,0
2506,Togo,3/12/20,1,1,0,0
2507,Togo,3/13/20,1,1,0,0
2508,Togo,3/14/20,1,1,0,0
2509,Togo,3/15/20,1,1,0,0
2510,Togo,3/16/20,1,1,0,0
2511,Togo,3/17/20,1,1,0,0
2512,Togo,3/18/20,1,1,0,0
2513,Togo,3/19/20,1,1,0,0
2514,Togo,3/6/20,1,1,0,0
2515,Togo,3/7/20,1,1,0,0
2516,Togo,3/8/20,1,1,0,0
2517,Togo,3/9/20,1,1,0,0
2518,Trinidad and Tobago,3/14/20,2,2,0,0
2519,Trinidad and Tobago,3/15/20,2,2,0,0
2520,Trinidad and Tobago,3/16/20,4,4,0,0
2521,Trinidad and Tobago,3/17/20,5,5,0,0
2522,Trinidad and Tobago,3/18/20,7,7,0,0
2523,Trinidad and Tobago,3/19/20,9,9,0,0
2524,Tunisia,3/10/20,5,5,0,0
2525,Tunisia,3/11/20,7,7,0,0
2526,Tunisia,3/12/20,7,7,0,0
2527,Tunisia,3/13/20,16,16,0,0
2528,Tunisia,3/14/20,18,18,0,0
2529,Tunisia,3/15/20,18,18,0,0
2530,Tunisia,3/16/20,20,20,0,0
2531,Tunisia,3/17/20,24,24,0,0
2532,Tunisia,3/18/20,29,29,0,0
2533,Tunisia,3/19/20,39,38,1,0
2534,Tunisia,3/4/20,1,1,0,0
2535,Tunisia,3/5/20,1,1,0,0
2536,Tunisia,3/6/20,1,1,0,0
2537,Tunisia,3/7/20,1,1,0,0
2538,Tunisia,3/8/20,2,2,0,0
2539,Tunisia,3/9/20,2,2,0,0
2540,Turkey,3/11/20,1,1,0,0
2541,Turkey,3/12/20,1,1,0,0
2542,Turkey,3/13/20,5,5,0,0
2543,Turkey,3/14/20,5,5,0,0
2544,Turkey,3/15/20,6,6,0,0
2545,Turkey,3/16/20,18,18,0,0
2546,Turkey,3/17/20,47,46,1,0
2547,Turkey,3/18/20,98,97,1,0
2548,Turkey,3/19/20,192,189,3,0
2549,Ukraine,3/10/20,1,1,0,0
2550,Ukraine,3/11/20,1,1,0,0
2551,Ukraine,3/12/20,1,1,0,0
2552,Ukraine,3/13/20,3,2,1,0
2553,Ukraine,3/14/20,3,2,1,0
2554,Ukraine,3/15/20,3,2,1,0
2555,Ukraine,3/16/20,7,6,1,0
2556,Ukraine,3/17/20,14,12,2,0
2557,Ukraine,3/18/20,14,12,2,0
2558,Ukraine,3/19/20,16,14,2,0
2559,Ukraine,3/3/20,1,1,0,0
2560,Ukraine,3/4/20,1,1,0,0
2561,Ukraine,3/5/20,1,1,0,0
2562,Ukraine,3/6/20,1,1,0,0
2563,Ukraine,3/7/20,1,1,0,0
2564,Ukraine,3/8/20,1,1,0,0
2565,Ukraine,3/9/20,1,1,0,0
2566,United Arab Emirates,1/29/20,4,4,0,0
2567,United Arab Emirates,1/30/20,4,4,0,0
2568,United Arab Emirates,1/31/20,4,4,0,0
2569,United Arab Emirates,2/1/20,4,4,0,0
2570,United Arab Emirates,2/10/20,8,8,0,0
2571,United Arab Emirates,2/11/20,8,8,0,0
2572,United Arab Emirates,2/12/20,8,7,0,1
2573,United Arab Emirates,2/13/20,8,7,0,1
2574,United Arab Emirates,2/14/20,8,7,0,1
2575,United Arab Emirates,2/15/20,8,5,0,3
2576,United Arab Emirates,2/16/20,9,5,0,4
2577,United Arab Emirates,2/17/20,9,5,0,4
2578,United Arab Emirates,2/18/20,9,5,0,4
2579,United Arab Emirates,2/19/20,9,5,0,4
2580,United Arab Emirates,2/2/20,5,5,0,0
2581,United Arab Emirates,2/20/20,9,5,0,4
2582,United Arab Emirates,2/21/20,9,5,0,4
2583,United Arab Emirates,2/22/20,13,9,0,4
2584,United Arab Emirates,2/23/20,13,9,0,4
2585,United Arab Emirates,2/24/20,13,9,0,4
2586,United Arab Emirates,2/25/20,13,9,0,4
2587,United Arab Emirates,2/26/20,13,9,0,4
2588,United Arab Emirates,2/27/20,13,9,0,4
2589,United Arab Emirates,2/28/20,19,14,0,5
2590,United Arab Emirates,2/29/20,21,16,0,5
2591,United Arab Emirates,2/3/20,5,5,0,0
2592,United Arab Emirates,2/4/20,5,5,0,0
2593,United Arab Emirates,2/5/20,5,5,0,0
2594,United Arab Emirates,2/6/20,5,5,0,0
2595,United Arab Emirates,2/7/20,5,5,0,0
2596,United Arab Emirates,2/8/20,7,7,0,0
2597,United Arab Emirates,2/9/20,7,7,0,0
2598,United Arab Emirates,3/1/20,21,16,0,5
2599,United Arab Emirates,3/10/20,74,62,0,12
2600,United Arab Emirates,3/11/20,74,57,0,17
2601,United Arab Emirates,3/12/20,85,68,0,17
2602,United Arab Emirates,3/13/20,85,68,0,17
2603,United Arab Emirates,3/14/20,85,68,0,17
2604,United Arab Emirates,3/15/20,98,75,0,23
2605,United Arab Emirates,3/16/20,98,75,0,23
2606,United Arab Emirates,3/17/20,98,75,0,23
2607,United Arab Emirates,3/18/20,113,87,0,26
2608,United Arab Emirates,3/19/20,140,109,0,31
2609,United Arab Emirates,3/2/20,21,16,0,5
2610,United Arab Emirates,3/3/20,27,22,0,5
2611,United Arab Emirates,3/4/20,27,22,0,5
2612,United Arab Emirates,3/5/20,29,24,0,5
2613,United Arab Emirates,3/6/20,29,24,0,5
2614,United Arab Emirates,3/7/20,45,38,0,7
2615,United Arab Emirates,3/8/20,45,38,0,7
2616,United Arab Emirates,3/9/20,45,38,0,7
2617,United Kingdom,1/31/20,2,2,0,0
2618,United Kingdom,2/1/20,2,2,0,0
2619,United Kingdom,2/10/20,8,8,0,0
2620,United Kingdom,2/11/20,8,8,0,0
2621,United Kingdom,2/12/20,9,8,0,1
2622,United Kingdom,2/13/20,9,8,0,1
2623,United Kingdom,2/14/20,9,8,0,1
2624,United Kingdom,2/15/20,9,8,0,1
2625,United Kingdom,2/16/20,9,1,0,8
2626,United Kingdom,2/17/20,9,1,0,8
2627,United Kingdom,2/18/20,9,1,0,8
2628,United Kingdom,2/19/20,9,1,0,8
2629,United Kingdom,2/2/20,2,2,0,0
2630,United Kingdom,2/20/20,9,1,0,8
2631,United Kingdom,2/21/20,9,1,0,8
2632,United Kingdom,2/22/20,9,1,0,8
2633,United Kingdom,2/23/20,9,1,0,8
2634,United Kingdom,2/24/20,13,5,0,8
2635,United Kingdom,2/25/20,13,5,0,8
2636,United Kingdom,2/26/20,13,5,0,8
2637,United Kingdom,2/27/20,15,7,0,8
2638,United Kingdom,2/28/20,20,12,0,8
2639,United Kingdom,2/29/20,23,15,0,8
2640,United Kingdom,2/3/20,2,2,0,0
2641,United Kingdom,2/4/20,2,2,0,0
2642,United Kingdom,2/5/20,2,2,0,0
2643,United Kingdom,2/6/20,2,2,0,0
2644,United Kingdom,2/7/20,3,3,0,0
2645,United Kingdom,2/8/20,3,3,0,0
2646,United Kingdom,2/9/20,3,3,0,0
2647,United Kingdom,3/1/20,36,28,0,8
2648,United Kingdom,3/10/20,382,358,6,18
2649,United Kingdom,3/11/20,456,430,8,18
2650,United Kingdom,3/12/20,456,430,8,18
2651,United Kingdom,3/13/20,798,772,8,18
2652,United Kingdom,3/14/20,1140,1101,21,18
2653,United Kingdom,3/15/20,1140,1101,21,18
2654,United Kingdom,3/16/20,1543,1468,55,20
2655,United Kingdom,3/17/20,1950,1843,55,52
2656,United Kingdom,3/18/20,2626,2490,71,65
2657,United Kingdom,3/19/20,2689,2487,137,65
2658,United Kingdom,3/2/20,40,32,0,8
2659,United Kingdom,3/3/20,51,43,0,8
2660,United Kingdom,3/4/20,85,77,0,8
2661,United Kingdom,3/5/20,115,106,1,8
2662,United Kingdom,3/6/20,163,153,2,8
2663,United Kingdom,3/7/20,206,186,2,18
2664,United Kingdom,3/8/20,273,252,3,18
2665,United Kingdom,3/9/20,321,299,4,18
2666,United Republic of Tanzania,3/16/20,1,1,0,0
2667,United Republic of Tanzania,3/17/20,1,1,0,0
2668,United Republic of Tanzania,3/18/20,3,3,0,0
2669,United Republic of Tanzania,3/19/20,6,6,0,0
2670,United States of America,1/22/20,1,1,0,0
2671,United States of America,1/23/20,1,1,0,0
2672,United States of America,1/24/20,2,2,0,0
2673,United States of America,1/25/20,2,2,0,0
2674,United States of America,1/26/20,5,5,0,0
2675,United States of America,1/27/20,5,5,0,0
2676,United States of America,1/28/20,5,5,0,0
2677,United States of America,1/29/20,5,5,0,0
2678,United States of America,1/30/20,5,5,0,0
2679,United States of America,1/31/20,7,7,0,0
2680,United States of America,2/1/20,8,8,0,0
2681,United States of America,2/10/20,11,8,0,3
2682,United States of America,2/11/20,12,9,0,3
2683,United States of America,2/12/20,12,9,0,3
2684,United States of America,2/13/20,13,10,0,3
2685,United States of America,2/14/20,13,10,0,3
2686,United States of America,2/15/20,13,10,0,3
2687,United States of America,2/16/20,13,10,0,3
2688,United States of America,2/17/20,13,10,0,3
2689,United States of America,2/18/20,13,10,0,3
2690,United States of America,2/19/20,13,10,0,3
2691,United States of America,2/2/20,8,8,0,0
2692,United States of America,2/20/20,13,10,0,3
2693,United States of America,2/21/20,15,10,0,5
2694,United States of America,2/22/20,15,10,0,5
2695,United States of America,2/23/20,15,10,0,5
2696,United States of America,2/24/20,15,10,0,5
2697,United States of America,2/25/20,15,9,0,6
2698,United States of America,2/26/20,15,9,0,6
2699,United States of America,2/27/20,16,10,0,6
2700,United States of America,2/28/20,16,9,0,7
2701,United States of America,2/29/20,24,16,1,7
2702,United States of America,2/3/20,11,11,0,0
2703,United States of America,2/4/20,11,11,0,0
2704,United States of America,2/5/20,11,11,0,0
2705,United States of America,2/6/20,11,11,0,0
2706,United States of America,2/7/20,11,11,0,0
2707,United States of America,2/8/20,11,11,0,0
2708,United States of America,2/9/20,11,8,0,3
2709,United States of America,3/1/20,30,22,1,7
2710,United States of America,3/10/20,890,854,28,8
2711,United States of America,3/11/20,1212,1168,36,8
2712,United States of America,3/12/20,1594,1542,40,12
2713,United States of America,3/13/20,2110,2051,47,12
2714,United States of America,3/14/20,2652,2586,54,12
2715,United States of America,3/15/20,3417,3342,63,12
2716,United States of America,3/16/20,4549,4447,85,17
2717,United States of America,3/17/20,6333,6208,108,17
2718,United States of America,3/18/20,7689,7571,118,0
2719,United States of America,3/19/20,13572,13372,200,0
2720,United States of America,3/2/20,53,40,6,7
2721,United States of America,3/3/20,73,59,7,7
2722,United States of America,3/4/20,104,86,11,7
2723,United States of America,3/5/20,172,153,12,7
2724,United States of America,3/6/20,217,196,14,7
2725,United States of America,3/7/20,335,311,17,7
2726,United States of America,3/8/20,451,423,21,7
2727,United States of America,3/9/20,516,487,22,7
2728,Uruguay,3/14/20,4,4,0,0
2729,Uruguay,3/15/20,4,4,0,0
2730,Uruguay,3/16/20,8,8,0,0
2731,Uruguay,3/17/20,29,29,0,0
2732,Uruguay,3/18/20,50,50,0,0
2733,Uruguay,3/19/20,79,79,0,0
2734,Uzbekistan,3/15/20,1,1,0,0
2735,Uzbekistan,3/16/20,6,6,0,0
2736,Uzbekistan,3/17/20,10,10,0,0
2737,Uzbekistan,3/18/20,15,15,0,0
2738,Uzbekistan,3/19/20,23,23,0,0
2739,Venezuela,3/14/20,2,2,0,0
2740,Venezuela,3/15/20,10,10,0,0
2741,Venezuela,3/16/20,17,17,0,0
2742,Venezuela,3/17/20,33,33,0,0
2743,Venezuela,3/18/20,36,36,0,0
2744,Venezuela,3/19/20,42,42,0,0
2745,Vietnam,1/23/20,2,2,0,0
2746,Vietnam,1/24/20,2,2,0,0
2747,Vietnam,1/25/20,2,2,0,0
2748,Vietnam,1/26/20,2,2,0,0
2749,Vietnam,1/27/20,2,2,0,0
2750,Vietnam,1/28/20,2,2,0,0
2751,Vietnam,1/29/20,2,2,0,0
2752,Vietnam,1/30/20,2,2,0,0
2753,Vietnam,1/31/20,2,2,0,0
2754,Vietnam,2/1/20,6,5,0,1
2755,Vietnam,2/10/20,14,13,0,1
2756,Vietnam,2/11/20,15,9,0,6
2757,Vietnam,2/12/20,15,9,0,6
2758,Vietnam,2/13/20,16,9,0,7
2759,Vietnam,2/14/20,16,9,0,7
2760,Vietnam,2/15/20,16,9,0,7
2761,Vietnam,2/16/20,16,9,0,7
2762,Vietnam,2/17/20,16,9,0,7
2763,Vietnam,2/18/20,16,9,0,7
2764,Vietnam,2/19/20,16,9,0,7
2765,Vietnam,2/2/20,6,5,0,1
2766,Vietnam,2/20/20,16,9,0,7
2767,Vietnam,2/21/20,16,2,0,14
2768,Vietnam,2/22/20,16,2,0,14
2769,Vietnam,2/23/20,16,2,0,14
2770,Vietnam,2/24/20,16,2,0,14
2771,Vietnam,2/25/20,16,0,0,16
2772,Vietnam,2/26/20,16,0,0,16
2773,Vietnam,2/27/20,16,0,0,16
2774,Vietnam,2/28/20,16,0,0,16
2775,Vietnam,2/29/20,16,0,0,16
2776,Vietnam,2/3/20,8,7,0,1
2777,Vietnam,2/4/20,8,7,0,1
2778,Vietnam,2/5/20,8,7,0,1
2779,Vietnam,2/6/20,10,9,0,1
2780,Vietnam,2/7/20,10,9,0,1
2781,Vietnam,2/8/20,13,12,0,1
2782,Vietnam,2/9/20,13,12,0,1
2783,Vietnam,3/1/20,16,0,0,16
2784,Vietnam,3/10/20,31,15,0,16
2785,Vietnam,3/11/20,38,22,0,16
2786,Vietnam,3/12/20,39,23,0,16
2787,Vietnam,3/13/20,47,31,0,16
2788,Vietnam,3/14/20,53,37,0,16
2789,Vietnam,3/15/20,56,40,0,16
2790,Vietnam,3/16/20,61,45,0,16
2791,Vietnam,3/17/20,66,50,0,16
2792,Vietnam,3/18/20,75,59,0,16
2793,Vietnam,3/19/20,85,69,0,16
2794,Vietnam,3/2/20,16,0,0,16
2795,Vietnam,3/3/20,16,0,0,16
2796,Vietnam,3/4/20,16,0,0,16
2797,Vietnam,3/5/20,16,0,0,16
2798,Vietnam,3/6/20,16,0,0,16
2799,Vietnam,3/7/20,18,2,0,16
2800,Vietnam,3/8/20,30,14,0,16
2801,Vietnam,3/9/20,30,14,0,16
2802,Zambia,3/18/20,2,2,0,0
2803,Zambia,3/19/20,2,2,0,0
2804,eSwatini,3/14/20,1,1,0,0
2805,eSwatini,3/15/20,1,1,0,0
2806,eSwatini,3/16/20,1,1,0,0
2807,eSwatini,3/17/20,1,1,0,0
2808,eSwatini,3/18/20,1,1,0,0
2809,eSwatini,3/19/20,1,1,0,0
